Participant,Duration (in seconds),Recorded Date,Response ID,PuPSafeword,PuPNegotiation,PuPLeadNegotiation,PuPBottomAdd,PuPBottomRemove,PuPTopAdd,PuPTopRemove,PuPjump,PuPnonverbal,PuPsafewordNotDiscussed,PuPtopDrugs,PuPbottomDrugs,PuPsatisfaction,PuPengage,RRSafeword,RRNegotiation,RRLeadNegotiation,RRBottomAdd,RRBottomRemove,RRTopAdd,RRTopRemove,RRjump,RRnonverbal,RRsafewordNotDiscussed,RRtopDrugs,RRbottomDrugs,RRsatisfaction,RRengage,ExpNegKinkVan,ExpNegRisk,IntoxicatedBDSMnew,IntoxicatedBDSMexist,IntoxicatedVanNew,IntoxicatedVanExist,SafewordNew,SafewordExist,ViolateLimitBDSM,SafewordIgnored,ViolateBoundaryVanilla,Gender,Male,Female,Nonbinary,Transwoman,Transman,Gendernonconforming,Genderfluid,Genderqueer,TwoSpirit,Intersex,Agender,OtherGender,SexualOrientation,Pansexual,Heterosexual,Queer,Gay,Homoflexible,Heteroflexible,Bisexual,Asexual,Aromantic,Greysexual,Demisexual,OtherSO,Race,RaceCode,NativeAmerican,Asian,Black,Hispanic,MiddleEastern,PacificIslander,White,OtherRace,USorNot,Age,FirstKinkAge,Roles,Top,Bottom,Switch,Sadist,Masochist,Master,Slave,Dominant,Submissive,NonMonogamy,Relationship,Single,PlayPartner,Dating,Engaged,Married,LivingTogether,OtherRelationship,CNC,ConsentEd,ConsentEdRecoded,ConsentCode,SchoolConsentEd,KinkConsentEd,OtherConsentEd,InformalConsentEd,UnsureConsentEd,NoConsentEd
3,878,4/18/2020 11:06,R_1lzdrwrI9F5EWrp,5,5,5,5,7,5,7,1,2,1,1,1,4,2,5,4,5,7,7,6,7,4,2,2,2,2,4,1,5,7,1,2,1,2,4,5,1,2,1,2,,1,,,,,,,,,,,7,,,,,,,1,,,,,,7,7,,,,,,,1,,1,29,22,"3,9",,,1,,,,,,1,1,"3,5",,,1,,1,,,2,"1,2","1,2",2,1,1,,,,
4,837,4/18/2020 13:10,R_3qI2Pxwf1P7B843,5,5,4,2,6,2,6,2,2,1,1,1,4,1,5,3,4,6,6,6,6,6,4,6,2,2,4,1,6,7,1,2,1,2,5,5,1,1,1,2,,1,,,,,,,,,,,6,,,,,,1,,,,,,,7,7,,,,,,,1,,1,42,16,"5,7,9",,,,,1,,1,,1,2,"4,6",,,,1,,1,,1,"1,2,4","1,2,4",2,1,1,,1,,
5,823,4/18/2020 13:16,R_1ezPz8KjVwMpxRn,4,5,5,2,7,2,7,2,2,2,1,1,4,1,2,2,4,3,7,3,7,5,6,5,1,1,4,2,7,7,1,1,1,1,4,3,1,2,2,3,,,1,,,,,,,,,,1,1,,,,,,,,,,,,4,4,,,,1,,,,,0,26,21,8,,,,,,,,1,,1,"1,2",1,1,,,,,,1,2,2,2,,1,,,,
6,1052,4/18/2020 13:24,R_1OQgibxFa9qW84k,5,5,4,6,7,2,7,5,2,1,3,3,4,1,2,2,4,6,7,3,7,6,7,1,5,5,4,1,4,4,1,2,2,2,5,4,2,2,2,2,,1,,,,,,,,,,,1,1,,,,,,,,,,,,4,4,,,,1,,,,,1,38,32,"2,5",,1,,,1,,,,,1,5,,,,,1,,,1,2,2,2,,1,,,,
7,698,4/18/2020 13:26,R_24uulF6UqUdkOaG,5,5,4,2,7,2,7,1,2,1,1,1,4,2,4,4,4,6,7,6,7,6,6,5,1,1,4,1,4,5,1,1,1,1,5,5,1,1,1,2,,1,,,,,,,,,,,"2,11",,1,,,,,,,,,1,,7,7,,,,,,,1,,1,38,19,"5,7",,,,,1,,1,,,1,"3,5,6",,,1,,1,1,,1,"2,4","2,4",2,,1,,1,,
8,400,4/18/2020 13:26,R_xt7SMfHHGyihunf,5,4,4,5,6,3,5,2,2,2,1,1,4,1,3,4,4,6,6,6,6,6,6,6,2,2,4,1,4,5,1,1,1,2,5,3,1,1,1,3,,,1,,,,,,,,,,1,1,,,,,,,,,,,,7,7,,,,,,,1,,1,40,16,5,,,,,1,,,,,2,6,,,,,,1,,1,"1,2","1,2",2,1,1,,,,
9,727,4/18/2020 13:51,R_3QJHMJSXPPGbzhz,5,4,4,5,6,5,6,2,5,1,1,1,4,1,4,4,4,5,6,5,6,6,6,3,1,1,4,1,4,4,1,2,2,4,5,4,2,,2,1,1,,,,,,,,,,,,7,,,,,,,1,,,,,,"7,8",7,,,,,,,1,1,0,40,25,"1,4,6,8",1,,,1,,1,,1,,1,6,,,,,,1,,1,"2,4","2,4",2,,1,,1,,
10,1181,4/18/2020 14:02,R_ZfpoORqO0p2f6IF,5,5,4,3,7,3,7,3,3,1,2,2,4,2,5,4,4,7,7,7,7,6,6,2,1,1,4,1,5,6,1,2,2,3,5,5,3,2,2,2,,1,,,,,,,,,,,3,,,1,,,,,,,,,,7,7,,,,,,,1,,0,35,32,"2,9",,1,,,,,,,1,2,6,,,,,,1,,4,"2,4","2,4",2,,1,,1,,
11,606,4/18/2020 14:20,R_2y89P9fvk3gJxrT,4,4,4,2,7,2,7,1,4,2,1,1,4,2,5,4,4,4,7,1,7,1,6,1,1,1,4,1,7,4,1,1,2,2,5,4,2,2,2,1,1,,,,,,,,,,,,6,,,,,,1,,,,,,,7,7,,,,,,,1,,0,34,22,"1,3",1,,1,,,,,,,3,6,,,,,,1,,2,"1,2","1,2",2,1,1,,,,
12,1371,4/18/2020 14:39,R_2zr2xKEgZkFJjmX,5,4,4,5,5,5,6,1,3,3,1,1,4,2,5,3,4,5,5,5,5,1,5,6,1,1,4,1,5,6,1,1,1,2,5,5,1,1,2,2,,1,,,,,,,,,,,2,,1,,,,,,,,,,,7,7,,,,,,,1,,1,62,38,9,,,,,,,,,1,3,1,1,,,,,,,4,2,2,2,,1,,,,
13,1269,4/18/2020 14:43,R_125AznkaFb5RfAm,5,5,4,2,6,2,6,2,2,2,1,1,4,2,4,4,4,6,7,6,7,1,7,6,1,1,4,1,7,6,1,2,1,2,5,4,2,2,1,2,,1,,,,,,,,,,,4,,,,1,,,,,,,,,7,7,,,,,,,1,,1,40,35,"2,3,9",,1,1,,,,,,1,2,"3,6",,,1,,,1,,2,2,2,2,,1,,,,
14,1749,4/18/2020 14:56,R_2xY1Js30NLrRzAf,5,4,4,6,6,3,6,4,3,2,1,2,4,1,4,3,4,6,6,5,6,6,5,5,2,2,4,1,4,6,1,2,2,3,5,5,2,2,1,1,1,,,,,,,,,,,,1,1,,,,,,,,,,,,7,7,,,,,,,1,,0,30,23,"1,4,8",1,,,1,,,,1,,1,4,,,,1,,,,3,2,2,2,,1,,,,
15,1214,4/18/2020 15:06,R_r7KK15OQf8v2Xst,5,5,6,2,5,2,6,2,6,1,1,1,4,1,3,3,4,6,5,6,5,4,5,6,5,5,4,1,6,7,1,2,2,3,5,2,1,1,1,2,,1,,,,,,,,,,,2,,1,,,,,,,,,,,"4,7","4,7",,,,1,,,1,,1,53,19,"1,3,4,6,8",1,,1,1,,1,,1,,1,2,,1,,,,,,2,"2,4","2,4",2,,1,,1,,
16,1335,4/18/2020 15:16,R_1Ebc9u7MN0M4Xz4,5,5,4,5,7,1,7,3,2,3,3,3,4,1,4,4,4,5,7,2,7,5,3,5,5,5,4,1,6,4,1,3,1,3,5,5,1,1,1,2,,1,,,,,,,,,,,7,,,,,,,1,,,,,,8,8,,,,,,,,1,0,20,18,"2,3,5,7,9",,1,1,,1,,1,,1,3,3,,,1,,,,,1,3,3,0,,,1,,,
17,1266,4/18/2020 15:28,R_3jW1C4QZr9cJNFl,5,5,7,8,1,1,1,2,1,1,1,1,4,2,2,2,7,6,6,6,6,6,5,5,1,1,4,1,7,7,1,1,1,1,5,5,2,2,2,1,1,,,,,,,,,,,,2,,1,,,,,,,,,,,4,4,,,,1,,,,,0,67,50,8,,,,,,,,1,,1,2,,1,,,,,,2,6,6,0,,,,,,1
18,557,4/18/2020 16:29,R_DpInmutFe4Be5cl,5,5,4,5,6,4,7,1,3,1,1,1,4,1,3,3,4,6,5,5,7,6,6,6,1,2,4,1,7,7,1,2,2,3,5,3,2,2,2,"2,6",,1,,,,1,,,,,,,"1,3,7",1,,1,,,,1,,,,,,7,7,,,,,,,1,,1,32,18,"2,9",,1,,,,,,,1,1,"3,6",,,1,,,1,,1,"2,4","2,4",2,,1,,1,,
19,936,4/18/2020 16:42,R_0O5f3a0t6tWz3mF,4,5,4,3,7,2,7,3,2,1,1,1,3,2,3,4,4,5,7,3,7,5,5,1,1,1,3,1,5,7,1,2,2,2,5,4,2,2,2,"2,3,4,8",,1,1,1,,,,1,,,,,"1,3,4,7",1,,1,1,,,1,,,,,,7,7,,,,,,,1,,1,31,21,"3,9",,,1,,,,,,1,2,5,,,,,1,,,2,3,3,0,,,1,,,
20,1519,4/18/2020 16:43,R_3KHNhefyG7dC9dV,5,5,4,2,7,2,7,2,1,1,3,3,4,1,4,4,4,6,7,6,7,6,6,6,6,6,4,1,5,6,2,2,2,2,5,5,1,2,2,2,,1,,,,,,,,,,,6,,,,,,1,,,,,,,7,7,,,,,,,1,,1,34,30,"1,2,4,8",1,1,,1,,,,1,,1,"5,7",,,,,1,,1,3,"2,6","2,6",2,,1,,,,1
21,3083,4/18/2020 17:25,R_2TYMmsofTgYCgh1,4,5,4,5,7,5,7,3,5,1,1,1,4,1,5,4,4,5,7,5,7,5,5,4,1,1,4,1,5,7,1,1,1,2,4,4,2,2,1,2,,1,,,,,,,,,,,7,,,,,,,1,,,,,,2,2,,1,,,,,,,0,34,31,"2,3,5",,1,1,,1,,,,,1,3,,,1,,,,,3,2,2,2,,1,,,,
22,14607,4/18/2020 17:34,R_3PgYXP2dJOAoFZf,3,4,5,7,6,2,5,6,6,2,1,1,4,1,1,5,4,6,7,3,5,7,6,3,5,3,4,1,6,7,1,2,2,3,2,1,1,2,2,1,1,,,,,,,,,,,,4,,,,1,,,,,,,,,7,7,,,,,,,1,,1,67,21,"1,6,8",1,,,,,1,,1,,3,5,,,,,1,,,4,2,2,2,,1,,,,
23,739,4/18/2020 17:54,R_Z4AVbCwuMA11Lhf,5,4,4,1,6,1,6,1,4,1,1,1,4,1,4,4,4,2,2,2,2,2,5,1,1,1,4,1,4,4,1,1,1,2,5,3,1,1,1,2,,1,,,,,,,,,,,7,,,,,,,1,,,,,,1,1,1,,,,,,,,1,41,21,"1,4,8",1,,,1,,,,1,,1,7,,,,,,,1,1,"1,2","1,2",2,1,1,,,,
24,1664,4/18/2020 18:14,R_206Z8LORXp1gAOl,5,5,4,3,6,3,6,3,1,1,1,1,4,1,5,5,4,5,7,5,7,4,7,3,2,2,4,1,4,4,1,1,1,1,5,5,3,2,2,"2,3",,1,1,,,,,,,,,,7,,,,,,,1,,,,,,3,3,,,1,,,,,,1,26,18,"3,4,5,6,8,9",,,1,1,1,1,,1,1,1,"3,4",,,1,1,,,,1,2,2,2,,1,,,,
25,992,4/18/2020 18:28,R_25zk3t8tN0GK0dx,5,3,4,6,3,6,6,2,2,6,1,1,4,1,1,1,4,6,7,7,7,4,7,7,1,1,4,1,7,7,1,1,1,2,5,5,1,2,1,1,1,,,,,,,,,,,,2,,1,,,,,,,,,,,7,7,,,,,,,1,,0,42,18,6,,,,,,1,,,,1,5,,,,,1,,,2,5,5,0,,,,,1,
26,1264,4/18/2020 20:38,R_3NFbvhT1pJYYjTl,5,5,4,8,7,7,7,1,5,5,5,5,4,1,5,5,4,7,7,7,7,1,6,1,6,6,4,2,6,7,3,3,3,3,5,5,3,2,1,1,1,,,,,,,,,,,,4,,,,1,,,,,,,,,"1,7","1,7",1,,,,,,1,,1,34,,"2,3",,1,1,,,,,,,1,1,1,,,,,,,2,4,4,0,,,,1,,
27,2091,4/18/2020 20:54,R_7PuU728uZGm3CDv,5,5,4,5,7,2,6,4,2,2,1,1,4,1,5,4,4,6,6,2,6,6,6,6,5,5,4,1,7,7,1,2,2,3,5,5,2,2,1,1,1,,,,,,,,,,,,"1,7",1,,,,,,1,,,,,,7,7,,,,,,,1,,1,23,20,"3,4",,,1,1,,,,,,1,"6,7",,,,,,1,1,3,"1,2,4","1,2,4",2,1,1,,1,,
28,1114,4/18/2020 21:06,R_1OUjA0VCkItXsUi,3,4,4,5,7,5,7,2,4,3,3,3,4,1,2,2,4,6,7,5,7,2,6,3,6,6,3,1,5,7,1,3,2,3,2,2,2,2,2,"2,8",,1,,,,,,1,,,,,"2,6",,1,,,,1,,,,,,,7,7,,,,,,,1,,1,25,18,"2,9",,1,,,,,,,1,1,"2,4,6",,1,,1,,1,,1,"1,2,4","1,2,4",2,1,1,,1,,
29,852,4/18/2020 21:48,R_3nAvrEI0j14qK9E,5,4,4,2,6,2,6,2,3,2,1,1,4,1,4,4,4,3,6,3,6,5,5,3,1,1,4,1,5,7,1,1,1,1,5,4,1,2,1,2,,1,,,,,,,,,,,"3,9",,,1,,,,,,1,,,,7,7,,,,,,,1,,1,27,19,"2,5,7,9",,1,,,1,,1,,1,1,"3,5,6",,,1,,1,1,,1,"2,4","2,4",2,,1,,1,,
30,1801,4/19/2020 7:19,R_XYqUDvAuQZPIAI9,5,5,4,3,7,1,7,1,2,1,1,1,4,1,5,4,4,4,7,2,7,4,6,1,1,1,4,1,7,7,1,1,2,2,5,5,1,2,1,1,1,,,,,,,,,,,,"1,3,12",1,,1,,,,,,,,,1,7,7,,,,,,,1,,0,39,,"1,4,8",1,,,1,,,,1,,1,"2,3,6",,1,1,,,1,,1,3,2,2,,,1,,,
31,1214,4/19/2020 8:49,R_3FJzD9lWgiSMQrk,5,4,4,6,7,5,7,5,3,1,1,1,4,1,4,4,4,3,7,3,7,2,4,1,2,2,4,1,6,7,1,2,2,3,3,5,1,1,1,2,,1,,,,,,,,,,,1,1,,,,,,,,,,,,7,7,,,,,,,1,,0,25,15,"2,3,4,5,9",,1,1,1,1,,,,1,1,"2,4,6",,1,,1,,1,,3,2,2,2,,1,,,,
32,1103,4/19/2020 8:53,R_TotuL2Osr0dwfnj,5,4,4,3,3,3,3,1,2,3,5,5,4,1,5,3,4,7,7,7,7,6,4,6,5,5,4,1,6,6,2,3,2,3,5,5,1,2,1,2,,1,,,,,,,,,,,6,,,,,,1,,,,,,,7,7,,,,,,,1,,1,44,40,9,,,,,,,,,1,1,3,,,1,,,,,1,2,2,2,,1,,,,
35,1771,4/19/2020 13:43,R_x3E3cLsyDTmgDcJ,5,5,7,1,1,1,7,1,1,1,1,1,4,1,5,5,6,7,7,7,7,1,3,1,1,1,4,2,7,7,1,1,1,1,5,4,2,2,2,2,,1,,,,,,,,,,,3,,,1,,,,,,,,,,3,3,,,1,,,,,,1,27,25,3,,,1,,,,,,,3,3,,,1,,,,,2,2,2,2,,1,,,,
37,2442,4/19/2020 15:25,R_3ltpp5xYvXtL24Z,4,4,4,5,5,5,7,5,5,3,6,7,4,1,1,2,4,6,3,5,7,4,7,6,6,6,4,1,5,6,3,4,4,4,4,1,1,2,1,"1,12",1,,,,,,,,,,,1,"2,6,7,12",,1,,,,1,1,,,,,1,7,7,,,,,,,1,,1,48,7,"1,2,4,6,8",1,1,,1,,1,,1,,1,2,,1,,,,,,1,"2,3,4","2,3,4",2,,1,1,1,,
38,1175,4/19/2020 17:35,R_25GzYtrC5RCU1OG,5,5,4,4,7,2,7,1,2,1,1,1,4,1,5,5,4,5,7,5,7,4,6,2,1,1,4,1,6,6,1,2,1,2,4,5,1,2,1,"3,8",,,1,,,,,1,,,,,3,,,1,,,,,,,,,,"4,7","4,7",,,,1,,,1,,1,26,16,"1,2,3,4",1,1,1,1,,,,,,1,7,,,,,,,1,1,4,4,0,,,,1,,
39,72610,4/20/2020 9:06,R_25MyijuCHqnJ7M4,5,4,5,3,7,2,7,1,1,1,2,1,4,1,4,4,4,5,7,3,7,5,5,3,2,2,4,1,6,7,1,2,2,3,5,5,3,2,1,"3,4,7,8",,,1,1,,,1,1,,,,,3,,,1,,,,,,,,,,7,7,,,,,,,1,,1,26,18,3,,,1,,,,,,,1,"2,3,6",,1,1,,,1,,1,"1,2,4","1,2,4",2,1,1,,1,,
40,923,4/20/2020 10:43,R_1MW1xU31MZvg8RH,5,4,5,6,6,6,6,2,5,3,2,2,4,1,4,3,4,6,6,6,6,6,5,6,5,5,4,1,6,6,1,2,2,4,5,5,1,2,2,2,,1,,,,,,,,,,,7,,,,,,,1,,,,,,7,7,,,,,,,1,,1,44,36,"2,9",,1,,,,,,,1,1,6,,,,,,1,,1,2,2,2,,1,,,,
41,2149,4/20/2020 13:00,R_1rcYgURrrW2vyXb,5,5,6,6,7,6,7,4,5,1,1,1,4,1,5,4,4,7,7,6,7,7,7,2,6,6,4,1,6,7,2,3,2,3,4,5,2,2,2,1,1,,,,,,,,,,,,6,,,,,,1,,,,,,,"4,7","4,7",,,,1,,,1,,1,32,25,1,1,,,,,,,,,2,6,,,,,,1,,1,"1,3,4","1,3,4",0,1,,1,1,,
43,1552,4/20/2020 17:25,R_2Ug7bar1i00XOWy,5,5,4,3,7,2,7,2,2,1,1,1,4,1,5,4,4,6,7,5,7,6,5,3,2,4,4,1,5,6,1,2,1,2,5,5,2,2,1,2,,1,,,,,,,,,,,3,,,1,,,,,,,,,,7,7,,,,,,,1,,1,23,22,"3,4,5",,,1,1,1,,,,,1,"2,3",,1,1,,,,,3,2,2,2,,1,,,,
44,834,4/20/2020 22:29,R_2sXUwykzv7eeyFz,2,3,4,7,6,6,6,5,5,4,2,2,6,1,3,2,4,7,7,7,7,7,5,6,6,6,4,1,6,7,2,3,2,3,3,2,2,2,2,1,1,,,,,,,,,,,,4,,,,1,,,,,,,,,7,7,,,,,,,1,,1,50,22,"2,9",,1,,,,,,,1,1,1,1,,,,,,,3,4,4,0,,,,1,,
46,2709,4/21/2020 11:38,R_tYZ5z071xCdk90t,5,5,4,1,7,1,7,1,1,1,1,1,4,2,4,4,4,4,7,3,7,4,3,1,2,2,4,1,5,6,1,1,1,2,5,5,1,3,1,4,,,,1,,,,,,,,,"1,3,11",1,,1,,,,,,,,1,,,,,,,,,,,,1,27,19,"3,4,5",,,1,1,1,,,,,1,"2,3,6",,1,1,,,1,,3,2,2,2,,1,,,,
48,808,4/21/2020 12:11,R_cP8zOXnRfWZDRJv,5,4,4,3,5,7,7,3,3,7,6,6,4,2,3,2,5,5,1,7,7,3,5,7,6,6,4,1,4,4,1,4,2,4,5,3,1,,,2,,1,,,,,,,,,,,2,,1,,,,,,,,,,,7,7,,,,,,,1,,1,19,12,"2,5,7,9",,1,,,1,,1,,1,2,"4,6",,,,1,,1,,1,4,4,0,,,,1,,
49,944,4/21/2020 13:11,R_3D5BvW5S4zsjLQ2,5,5,4,8,7,7,7,3,2,1,2,2,4,1,5,5,4,7,7,7,7,2,2,1,2,2,4,1,4,6,2,3,2,3,5,5,1,2,2,"2,6",,1,,,,1,,,,,,,1,1,,,,,,,,,,,,2,2,,1,,,,,,,0,24,,"1,2,3,4,5,8,9",1,1,1,1,1,,,1,1,1,2,,1,,,,,,1,4,4,0,,,,1,,
50,601,4/21/2020 13:42,R_2tKxvkzsaf6qqUn,4,4,4,6,6,6,6,3,5,3,1,1,4,1,2,3,4,7,7,7,7,6,7,6,1,1,4,1,5,7,1,1,1,1,4,3,1,2,1,1,1,,,,,,,,,,,,1,1,,,,,,,,,,,,7,7,,,,,,,1,,0,33,23,9,,,,,,,,,1,1,2,,1,,,,,,1,4,4,0,,,,1,,
51,660,4/21/2020 14:03,R_1jOMpCcVVtppBxV,5,5,4,1,6,1,6,1,1,1,1,1,4,2,5,5,4,2,6,2,6,1,3,1,1,1,4,1,4,4,1,1,1,1,5,5,1,2,1,2,,1,,,,,,,,,,,6,,,,,,1,,,,,,,7,7,,,,,,,1,,1,51,45,"5,9",,,,,1,,,,1,2,3,,,1,,,,,2,4,4,0,,,,1,,
52,719,4/21/2020 14:35,R_3mlAUvysSXqfDp3,2,1,4,4,4,4,4,7,6,7,4,4,6,1,1,3,4,6,6,6,6,3,7,7,4,4,6,2,7,7,2,2,3,3,2,2,1,1,2,1,1,,,,,,,,,,,,4,,,,1,,,,,,,,,7,7,,,,,,,1,,0,55,19,"2,3,5,7,9",,1,1,,1,,1,,1,1,5,,,,,1,,,3,5,5,0,,,,,1,
53,591,4/21/2020 15:15,R_tXKv59EwMnFx6ff,5,5,4,6,7,6,7,1,1,1,1,1,4,2,5,4,4,6,7,6,7,6,6,6,6,6,4,1,6,7,2,3,3,4,5,5,2,2,1,2,,1,,,,,,,,,,,7,,,,,,,1,,,,,,7,7,,,,,,,1,,0,41,34,"5,9",,,,,1,,,,1,1,5,,,,,1,,,3,2,2,2,,1,,,,
54,572,4/21/2020 15:50,R_1F5kZgBqN3T7JLO,5,5,4,6,7,6,7,2,2,2,4,4,3,2,2,4,6,7,7,7,7,6,3,4,6,6,2,1,4,7,2,3,2,3,5,2,1,1,1,"2,3,6,8,11",,1,1,,,1,,1,,,1,,"4,5",,,,1,1,,,,,,,,"4,7","4,7",,,,1,,,1,,0,27,14,"1,4,8",1,,,1,,,,1,,2,4,,,,1,,,,2,4,4,0,,,,1,,
55,2194,4/21/2020 17:25,R_2xKRRHvzekZHVYl,5,5,4,1,7,1,7,1,2,1,1,1,4,2,5,3,4,2,7,2,7,6,6,4,1,1,4,1,4,7,1,1,1,1,5,5,3,2,3,"1,5,12",1,,,,1,,,,,,,1,"1,3,11",1,,1,,,,,,,,1,,7,7,,,,,,,1,,0,39,9,"1,3,4,6,8",1,,1,1,,1,,1,,1,4,,,,1,,,,3,2,2,2,,1,,,,
56,1456,4/21/2020 17:47,R_2VQmKeykStm8RPO,5,5,4,1,7,3,7,2,1,1,1,1,4,1,4,3,4,2,7,4,7,3,2,1,5,5,4,1,4,4,1,2,2,3,5,4,,3,1,"2,12",,1,,,,,,,,,,1,1,1,,,,,,,,,,,,7,7,,,,,,,1,,1,31,20,"3,4,9",,,1,1,,,,,1,1,"3,6",,,1,,,1,,2,"2,4","2,4",2,,1,,1,,
57,1340,4/21/2020 18:13,R_VVfZjNbx0OZIDK1,5,5,4,8,7,7,7,1,7,1,1,1,4,2,5,5,4,6,7,6,7,2,7,1,2,2,4,1,4,4,1,1,1,1,1,3,1,2,2,"1,5",1,,,,1,,,,,,,,1,1,,,,,,,,,,,,4,4,,,,1,,,,,1,24,,"3,4,5",,,1,1,1,,,,,3,1,1,,,,,,,3,2,2,2,,1,,,,
58,1058,4/21/2020 18:41,R_TaMaXufMCIYrHR7,5,5,4,3,7,5,7,5,1,1,2,2,4,2,3,4,4,6,7,5,7,3,6,6,5,5,4,1,5,7,2,3,2,3,5,5,2,2,2,2,,1,,,,,,,,,,,"1,7",1,,,,,,1,,,,,,7,7,,,,,,,1,,1,24,17,"3,5",,,1,,1,,,,,2,5,,,,,1,,,1,3,4,0,,,1,,,
59,312,4/21/2020 19:41,R_UmCryehMEXqNnCF,5,5,4,2,2,2,2,1,2,1,1,1,4,1,3,5,4,5,5,2,5,2,5,1,5,5,4,1,7,6,1,4,2,5,5,5,1,2,2,2,,1,,,,,,,,,,,7,,,,,,,1,,,,,,7,7,,,,,,,1,,1,18,17,9,,,,,,,,,1,2,"3,6",,,1,,,1,,1,1,1,0,1,,,,,
60,447,4/21/2020 23:49,R_dhTryU67CX9M86J,5,5,4,5,6,2,6,1,1,1,2,2,4,1,4,4,4,6,6,3,6,3,5,1,2,2,4,1,6,7,2,2,2,2,5,5,1,2,1,2,,1,,,,,,,,,,,"1,3",1,,1,,,,,,,,,,7,7,,,,,,,1,,0,42,25,"1,2,4,5,8",1,1,,1,1,,,1,,1,"2,3,6",,1,1,,,1,,2,"2,4","2,4",2,,1,,1,,
61,1585,4/22/2020 5:18,R_2amIMEkL6BUqWLM,5,3,6,5,6,3,6,2,7,1,1,1,4,1,4,4,5,6,6,2,6,4,6,2,1,1,4,1,6,6,1,1,2,2,5,5,2,2,2,1,1,,,,,,,,,,,,2,,1,,,,,,,,,,,7,7,,,,,,,1,,1,50,40,"1,8",1,,,,,,,1,,1,2,,1,,,,,,2,2,2,2,,1,,,,
62,374,4/22/2020 7:13,R_1IcQ1Z1UyTxgdzU,5,5,4,7,7,3,7,4,1,1,5,2,5,1,2,3,4,7,7,2,7,6,4,4,5,4,5,1,4,7,2,3,3,4,2,2,2,2,2,6,,,,,,1,,,,,,,7,,,,,,,1,,,,,,7,7,,,,,,,1,,1,52,18,"2,3,7,9",,1,1,,,,1,,1,2,5,,,,,1,,,2,4,4,0,,,,1,,
63,947,4/22/2020 9:59,R_6rQhz5A4S7x7cEp,4,4,5,6,7,6,7,1,7,6,1,5,4,2,3,4,6,6,7,5,5,2,7,4,2,5,4,1,7,7,2,3,1,2,1,1,2,,,"1,3,6",1,,1,,,1,,,,,,,"8,11",,,,,,,,1,,,1,,7,7,,,,,,,1,,1,40,29,9,,,,,,,,,1,2,1,1,,,,,,,2,6,6,0,,,,,,1
64,1189,4/22/2020 10:24,R_rjt7BWEwk7gq1gZ,5,4,4,5,6,5,6,2,5,1,1,1,4,1,4,3,4,5,6,5,6,6,6,5,2,2,4,1,6,7,1,2,1,3,4,5,2,2,1,1,1,,,,,,,,,,,,6,,,,,,1,,,,,,,7,7,,,,,,,1,,1,46,20,"3,9",,,1,,,,,,1,3,5,,,,,1,,,1,"2,4","2,4",2,,1,,1,,
65,496,4/22/2020 15:00,R_1FyyBBkBNFREHsb,5,5,4,8,7,7,7,1,5,5,1,1,4,2,5,5,4,7,7,7,7,5,5,7,7,1,4,1,4,4,2,2,2,2,5,5,2,2,2,1,1,,,,,,,,,,,,2,,1,,,,,,,,,,,7,7,,,,,,,1,,1,40,22,"2,5,7,9",,1,,,1,,1,,1,1,"1,3",1,,1,,,,,3,4,4,0,,,,1,,
66,1050,4/22/2020 16:56,R_2q3fOXyCrNYu6G7,5,5,4,4,6,6,4,2,1,2,1,1,4,1,5,3,4,4,6,5,5,4,4,5,1,1,4,1,4,4,1,1,1,1,5,4,2,,,1,1,,,,,,,,,,,,2,,1,,,,,,,,,,,"1,7","1,7",1,,,,,,1,,1,46,22,"1,4,6,8",1,,,1,,1,,1,,1,"1,2,3",1,1,1,,,,,1,"2,3,4","2,3,4",2,,1,1,1,,
67,571,4/22/2020 17:48,R_By2y5hfXjplGIUh,5,5,4,3,7,2,7,2,3,1,1,1,4,2,2,4,4,4,4,4,4,3,3,3,5,5,4,2,5,7,1,2,2,3,1,1,,,2,1,1,,,,,,,,,,,,2,,1,,,,,,,,,,,7,7,,,,,,,1,,1,37,19,2,,1,,,,,,,,3,6,,,,,,1,,2,4,4,0,,,,1,,
68,1352,4/24/2020 0:01,R_OKmZLCqeUtyYSB3,5,5,5,6,6,1,1,2,1,1,1,1,4,1,5,5,5,6,6,2,2,2,1,2,1,1,4,1,4,4,1,1,1,1,5,5,2,2,1,1,1,,,,,,,,,,,,2,,1,,,,,,,,,,,7,7,,,,,,,1,,0,49,20,"1,4,8",1,,,1,,,,1,,1,3,,,1,,,,,1,2,2,2,,1,,,,
69,2105,4/24/2020 11:11,R_Zrj9JP01o4TpdU5,3,3,4,7,7,6,7,4,4,4,6,6,4,1,5,4,4,6,7,6,7,6,7,5,7,7,4,1,7,7,3,4,3,4,4,5,1,3,1,"1,5",1,,,,1,,,,,,,,"3,4,5,7,11",,,1,1,1,,1,,,,1,,7,7,,,,,,,1,,1,30,14,"1,3,4,6,8",1,,1,1,,1,,1,,1,"1,2,3,5",1,1,1,,1,,,1,"2,4","2,4",2,,1,,1,,
70,695,4/24/2020 11:11,R_XqgOrO8X5yuiBt7,5,5,4,2,7,1,7,2,5,1,2,2,4,1,4,5,4,2,7,2,7,5,6,2,2,2,4,1,6,6,1,1,1,1,5,5,1,1,1,2,,1,,,,,,,,,,,4,,,,1,,,,,,,,,7,7,,,,,,,1,,1,58,23,"1,4,6,8",1,,,1,,1,,1,,1,6,,,,,,1,,1,2,2,2,,1,,,,
71,1064,4/24/2020 11:11,R_11i4eMV5AhON8TU,5,5,4,2,6,2,6,2,1,1,1,1,4,1,5,5,4,2,6,2,6,5,3,1,1,1,4,1,5,4,1,1,1,1,5,5,1,1,1,2,,1,,,,,,,,,,,1,1,,,,,,,,,,,,7,7,,,,,,,1,,0,37,18,"3,4",,,1,1,,,,,,1,5,,,,,1,,,1,2,2,2,,1,,,,
72,513,4/24/2020 11:11,R_3kOiY8yU2ig1tvO,4,5,4,3,6,6,6,1,2,1,3,2,4,1,2,4,4,3,6,3,6,3,2,5,3,3,4,1,4,5,2,2,2,2,5,3,2,2,2,1,1,,,,,,,,,,,,4,,,,1,,,,,,,,,7,7,,,,,,,1,,1,68,59,"2,7",,1,,,,,1,,,1,"5,7",,,,,1,,1,1,2,2,2,,1,,,,
73,1094,4/24/2020 11:11,R_bdBnJHr4Ue67hEl,5,4,5,7,7,6,6,1,1,3,1,1,4,2,5,4,4,7,7,7,7,5,5,5,1,1,4,1,7,7,1,1,1,1,5,5,2,2,2,1,1,,,,,,,,,,,,2,,1,,,,,,,,,,,7,7,,,,,,,1,,1,57,19,"1,4,8",1,,,1,,,,1,,2,5,,,,,1,,,1,2,2,2,,1,,,,
75,1036,4/24/2020 11:11,R_33ycwPvJIAm5SFV,5,5,4,6,7,6,7,3,4,5,4,4,4,1,5,5,4,4,7,4,7,1,7,2,4,4,4,1,4,7,2,2,2,2,4,5,3,2,1,2,,1,,,,,,,,,,,"1,11",1,,,,,,,,,,1,,7,7,,,,,,,1,,1,39,22,"3,4,8",,,1,1,,,,1,,1,4,,,,1,,,,1,4,4,0,,,,1,,
76,569,4/24/2020 11:11,R_1fa2GwItH85TDl8,5,4,4,7,4,5,5,2,7,3,1,1,4,1,5,5,4,6,6,6,6,4,7,3,1,1,4,1,4,6,2,2,2,2,4,4,1,1,1,3,,,1,,,,,,,,,,1,1,,,,,,,,,,,,7,7,,,,,,,1,,0,36,21,"3,4,8",,,1,1,,,,1,,1,4,,,,1,,,,1,1,1,0,1,,,,,
77,1100,4/24/2020 11:11,R_2aaVhva83VRuuWT,5,4,4,6,7,3,7,1,2,1,1,1,4,2,5,3,4,7,7,7,7,6,6,5,4,4,4,1,6,7,1,2,1,2,5,5,1,1,1,2,,1,,,,,,,,,,,7,,,,,,,1,,,,,,7,7,,,,,,,1,,1,48,19,"2,3,4,5,8",,1,1,1,1,,,1,,1,"1,2,3,7",1,1,1,,,,1,2,4,4,0,,,,1,,
78,2376,4/24/2020 11:11,R_3PZD0HnNiRVSJtk,5,5,4,1,7,1,7,2,1,1,1,1,4,2,5,4,4,4,7,4,7,5,5,1,2,2,4,1,7,7,1,2,1,2,5,5,1,2,1,12,,,,,,,,,,,,1,"7,11",,,,,,,1,,,,1,,7,7,,,,,,,1,,1,31,18,"1,2,3,4,5,7,8,9",1,1,1,1,1,,1,1,1,1,"2,3",,1,1,,,,,3,"1,2","1,2",2,1,1,,,,
79,398,4/24/2020 11:11,R_2uCXiS2CoMgF1an,5,5,4,2,7,2,7,1,5,4,3,1,4,2,4,4,4,5,7,2,6,6,6,3,3,1,4,1,6,7,2,2,2,3,5,4,3,2,3,1,1,,,,,,,,,,,,2,,1,,,,,,,,,,,2,2,,1,,,,,,,1,39,23,"1,2,3,9",1,1,1,,,,,,1,2,6,,,,,,1,,3,4,4,0,,,,1,,
80,602,4/24/2020 11:11,R_2tJuz2McFyjGRyC,5,5,4,5,7,5,7,1,2,5,1,1,4,1,4,2,4,6,7,6,7,7,6,7,2,2,4,1,6,6,2,2,2,2,5,5,1,1,1,3,,,1,,,,,,,,,,"7,11",,,,,,,1,,,,1,,7,7,,,,,,,1,,0,36,19,"2,5,7,9",,1,,,1,,1,,1,1,4,,,,1,,,,1,2,2,2,,1,,,,
81,952,4/24/2020 11:11,R_3gTopibNgcYtTiv,5,5,4,6,6,6,6,1,5,5,2,1,4,1,5,2,4,4,4,4,4,4,4,4,4,5,4,1,4,4,2,3,1,3,5,5,2,2,2,2,,1,,,,,,,,,,,"3,4,5",,,1,1,1,,,,,,,,3,3,,,1,,,,,,1,29,18,"1,4,8",1,,,1,,,,1,,1,1,1,,,,,,,2,"1,2","1,2",2,1,1,,,,
82,766,4/24/2020 11:11,R_3iqbTXCapj2Lx2i,5,5,4,8,7,7,7,1,1,1,1,1,4,2,3,4,4,7,7,7,7,6,7,1,6,6,4,1,4,7,1,2,1,2,5,5,1,1,1,2,,1,,,,,,,,,,,"3,7",,,1,,,,1,,,,,,7,7,,,,,,,1,,1,23,20,"5,9",,,,,1,,,,1,2,"4,6",,,,1,,1,,1,1,1,0,1,,,,,
83,686,4/24/2020 11:11,R_RXM6PwIkBrGUfuN,5,5,4,2,7,1,7,2,1,1,1,1,4,1,4,4,4,5,7,3,5,5,5,5,2,2,4,1,4,6,1,2,2,2,5,5,2,2,3,3,,,1,,,,,,,,,,"1,3,7,11",1,,1,,,,1,,,,1,,7,7,,,,,,,1,,1,29,20,3,,,1,,,,,,,2,1,1,,,,,,,3,"2,4","2,4",2,,1,,1,,
84,451,4/24/2020 11:11,R_3nGGI8uItIyoqw8,5,5,4,1,7,1,7,2,2,1,2,2,4,2,5,4,4,5,7,5,7,7,6,6,6,6,4,1,6,7,2,2,2,2,5,5,2,2,3,2,,1,,,,,,,,,,,1,1,,,,,,,,,,,,7,7,,,,,,,1,,1,32,27,"2,7",,1,,,,,1,,,1,6,,,,,,1,,1,2,2,2,,1,,,,
85,529,4/24/2020 11:11,R_3dMtAZwEfLT24KT,3,4,3,6,7,5,7,2,3,2,3,2,4,1,2,2,4,7,7,7,7,6,4,5,3,2,4,1,6,7,2,2,2,3,2,2,2,2,1,"2,3,5",,1,1,,1,,,,,,,,"7,8",,,,,,,1,1,,,,,"2,7","2,7",,1,,,,,1,,1,24,18,"2,5,9",,1,,,1,,,,1,1,"5,7",,,,,1,,1,3,4,4,0,,,,1,,
86,516,4/24/2020 11:11,R_271EeJ7GufHrSbs,3,3,4,6,7,6,7,6,6,3,2,2,4,1,4,5,5,6,7,6,7,7,6,2,3,3,4,1,6,7,2,2,2,2,3,5,2,2,1,"1,3,5,8",1,,1,,1,,,1,,,,,"3,7",,,1,,,,1,,,,,,7,7,,,,,,,1,,1,18,18,"2,5,9",,1,,,1,,,,1,1,"3,4,6",,,1,1,,1,,3,5,5,0,,,,,1,
87,1359,4/24/2020 11:11,R_2Toy0rmG4VEEaXF,5,5,4,8,7,7,7,1,2,6,1,1,4,1,4,4,4,7,7,7,7,6,7,7,1,1,4,1,7,7,1,1,1,1,5,5,1,1,3,1,1,,,,,,,,,,,,4,,,,1,,,,,,,,,7,7,,,,,,,1,,1,51,20,"2,9",,1,,,,,,,1,1,7,,,,,,,1,2,2,2,2,,1,,,,
88,747,4/24/2020 11:11,R_10NoPVG6twcEQKM,5,3,5,6,6,6,6,6,5,6,6,6,4,1,5,3,4,6,6,6,6,7,7,6,6,6,4,1,6,6,2,3,2,3,5,5,1,1,1,2,,1,,,,,,,,,,,7,,,,,,,1,,,,,,7,7,,,,,,,1,,1,39,19,"2,9",,1,,,,,,,1,1,"2,3,5",,1,1,,1,,,1,"2,4","2,4",2,,1,,1,,
89,872,4/24/2020 11:11,R_VU7W55yTDnF5nKF,5,5,2,6,7,6,6,1,2,1,1,1,4,2,5,5,3,6,7,6,6,1,6,1,1,1,4,1,7,7,1,2,1,2,5,5,2,2,2,2,,1,,,,,,,,,,,2,,1,,,,,,,,,,,8,"1,7",,,,,,,,1,1,43,38,9,,,,,,,,,1,2,1,1,,,,,,,2,2,2,2,,1,,,,
90,852,4/24/2020 11:11,R_1C22Db7eRrcwyEc,5,5,4,2,7,2,7,5,6,1,1,1,4,2,4,4,4,5,7,5,7,6,6,6,2,2,4,1,6,7,1,2,1,2,5,4,1,1,1,"3,8",,,1,,,,,1,,,,,"1,3",1,,1,,,,,,,,,,7,7,,,,,,,1,,1,28,18,"5,7,9",,,,,1,,1,,1,1,"6,7",,,,,,1,1,1,"1,2,4","1,2,4",2,1,1,,1,,
91,1002,4/24/2020 11:11,R_3Ibk3FeiCSM6xdT,5,5,4,8,7,7,7,2,1,1,1,1,4,1,3,4,4,7,7,7,7,6,6,1,1,1,4,1,4,4,1,1,1,1,5,3,1,1,1,"2,11",,1,,,,,,,,,1,,"7,10",,,,,,,1,,,1,,,7,7,,,,,,,1,,1,46,15,9,,,,,,,,,1,1,"2,5,6",,1,,,1,1,,2,"2,3,4","2,3,4",2,,1,1,1,,
92,726,4/24/2020 11:11,R_1fa79K6XbWh3G9L,5,4,4,6,6,5,6,4,2,5,1,1,5,2,4,4,4,6,6,6,6,6,5,6,5,5,4,1,4,6,2,3,2,3,5,5,1,1,1,"1,5",1,,,,1,,,,,,,,"1,7",1,,,,,,1,,,,,,"5,7","5,7",,,,,1,,1,,1,21,16,"2,5,7,9",,1,,,1,,1,,1,1,"1,3",1,,1,,,,,1,3,1,0,,,1,,,
93,620,4/24/2020 11:11,R_2fkswcykas6umVS,5,5,4,2,7,2,7,1,4,1,1,1,4,2,4,4,4,4,7,4,7,4,5,3,1,1,4,1,4,7,1,1,1,1,5,5,2,2,2,2,,1,,,,,,,,,,,"1,3,7,11",1,,1,,,,1,,,,1,,"1,7","1,7",1,,,,,,1,,1,32,19,"7,9",,,,,,,1,,1,1,"3,5,6,7",,,1,,1,1,1,1,"2,3","2,3",2,,1,1,,,
94,1621,4/24/2020 11:11,R_1qUtgGHSrGYSxz4,5,5,4,6,7,5,7,1,1,1,1,1,4,1,5,4,4,7,7,6,7,5,1,1,1,1,4,1,4,7,1,2,1,2,5,5,2,2,1,1,1,,,,,,,,,,,,,,,,,,,,,,,,,7,7,,,,,,,1,,0,52,,"1,2,3,6,8,9",1,1,1,,,1,,1,1,3,1,1,,,,,,,2,4,4,0,,,,1,,
95,1456,4/24/2020 11:11,R_2qkHqFF7uZLG7Io,5,5,4,4,4,4,4,1,1,2,1,1,4,2,3,4,4,5,5,7,4,5,2,4,3,3,4,1,6,7,2,2,2,2,5,5,1,2,2,4,,,,1,,,,,,,,,7,,,,,,,1,,,,,,7,7,,,,,,,1,,1,54,16,"2,9",,1,,,,,,,1,1,1,1,,,,,,,3,6,6,0,,,,,,1
96,1977,4/24/2020 11:11,R_264M4njDkYYBiIa,2,3,6,6,3,6,5,5,5,6,1,1,4,1,2,2,7,5,3,6,6,7,6,7,1,1,4,1,7,7,1,1,2,2,1,1,2,2,2,1,1,,,,,,,,,,,,2,,1,,,,,,,,,,,7,7,,,,,,,1,,0,61,40,1,1,,,,,,,,,2,5,,,,,1,,,2,6,6,0,,,,,,1
97,816,4/24/2020 11:11,R_1q4ILeXliAQLnE4,5,5,4,3,5,1,3,1,1,1,1,1,4,1,2,4,4,7,7,1,3,1,2,2,1,1,4,1,7,7,1,1,1,1,5,5,1,2,1,2,,1,,,,,,,,,,,2,,1,,,,,,,,,,,7,7,,,,,,,1,,1,58,45,7,,,,,,,1,,,1,5,,,,,1,,,1,2,2,2,,1,,,,
98,940,4/24/2020 11:11,R_33pfQOFc4jMc600,5,5,4,4,7,4,7,2,6,5,4,4,4,2,3,3,4,6,7,6,7,6,7,6,6,6,4,1,7,7,2,3,3,4,2,2,2,2,2,1,1,,,,,,,,,,,,4,,,,1,,,,,,,,,7,7,,,,,,,1,,0,38,27,"2,3,9",,1,1,,,,,,1,1,1,1,,,,,,,1,4,4,0,,,,1,,
99,748,4/24/2020 11:11,R_cVj2nGu47B8zqTL,5,5,4,1,7,1,7,1,1,1,1,1,4,1,5,5,4,3,7,2,7,5,6,1,1,1,4,1,4,6,1,1,1,1,5,5,2,2,2,1,1,,,,,,,,,,,,2,,1,,,,,,,,,,,7,7,,,,,,,1,,1,28,22,"1,3,6,8",1,,1,,,1,,1,,1,"2,3,6",,1,1,,,1,,3,"2,4","2,4",2,,1,,1,,
100,480,4/24/2020 11:11,R_yJzsrE8zXulBCG5,5,5,4,2,4,1,4,1,2,2,1,1,4,1,5,5,4,5,6,5,6,2,6,6,1,1,4,1,7,7,1,2,1,2,5,4,1,1,1,2,,1,,,,,,,,,,,2,,1,,,,,,,,,,,7,7,,,,,,,1,,1,64,30,"1,2,3",1,1,1,,,,,,,1,6,,,,,,1,,2,4,4,0,,,,1,,
101,5204,4/24/2020 11:11,R_1CCGUpnZE6NQim0,4,3,4,6,6,6,6,2,5,2,2,2,4,2,3,3,4,6,7,6,6,5,6,1,1,1,4,1,5,6,1,2,1,2,4,3,2,2,2,2,,1,,,,,,,,,,,6,,,,,,1,,,,,,,7,7,,,,,,,1,,1,25,17,2,,1,,,,,,,,2,"2,5,6",,1,,,1,1,,2,"2,4","2,4",2,,1,,1,,
102,973,4/24/2020 11:11,R_DHTkYyhiXN5BIoF,3,2,4,6,6,6,6,5,6,6,2,2,4,2,3,3,4,6,6,6,6,3,5,6,2,2,4,1,4,5,2,4,2,4,3,5,2,2,3,2,,1,,,,,,,,,,,2,,1,,,,,,,,,,,2,2,,1,,,,,,,1,50,49,"2,3,9",,1,1,,,,,,1,1,2,,1,,,,,,3,6,6,0,,,,,,1
103,1344,4/24/2020 11:11,R_2fYEfC4Npk5SPMB,5,4,4,6,6,3,6,5,1,2,2,2,4,2,2,3,5,7,7,3,7,6,6,3,5,5,4,1,6,7,2,3,2,3,4,3,2,2,2,1,1,,,,,,,,,,,,2,,1,,,,,,,,,,,4,4,,,,1,,,,,1,26,15,"1,8",1,,,,,,,1,,1,2,,1,,,,,,1,6,6,0,,,,,,1
104,78759,4/24/2020 11:12,R_2D0o4XuA76s2wbY,5,5,4,1,7,1,7,1,1,1,1,1,4,1,3,3,4,2,7,1,7,1,7,2,1,1,4,1,4,6,1,2,1,2,5,3,1,,1,1,1,,,,,,,,,,,,6,,,,,,1,,,,,,,7,7,,,,,,,1,,1,60,25,"1,4,6,8",1,,,1,,1,,1,,1,5,,,,,1,,,1,"1,2,3,4","1,2,3,4",2,1,1,1,1,,
105,1480,4/24/2020 11:12,R_1it8uuXvyoXX5gN,4,4,4,3,7,2,7,4,2,1,1,1,4,1,4,4,4,3,7,3,7,4,4,1,1,1,4,1,6,7,1,2,1,2,5,4,2,2,2,1,1,,,,,,,,,,,,"1,7,12",1,,,,,,1,,,,,1,7,7,,,,,,,1,,1,22,16,"3,4,5,8",,,1,1,1,,,1,,1,3,,,1,,,,,3,4,4,0,,,,1,,
106,2777,4/24/2020 11:12,R_BJx1bNqsaafQY81,5,5,4,2,7,1,7,4,3,2,1,2,4,2,5,4,4,3,7,2,7,5,5,3,3,3,4,1,5,6,1,2,1,2,5,4,2,2,2,"2,4",,1,,1,,,,,,,,,"3,6,7",,,1,,,1,1,,,,,,2,2,,1,,,,,,,1,36,14,"2,5,9",,1,,,1,,,,1,2,"3,6",,,1,,,1,,3,4,4,0,,,,1,,
107,1550,4/24/2020 11:12,R_1rCAzk6dp81STlS,5,4,4,8,7,7,7,3,5,5,1,1,4,1,5,5,4,7,7,7,7,6,7,6,1,1,4,1,6,6,1,1,1,1,4,5,1,1,1,1,1,,,,,,,,,,,,5,,,,,1,,,,,,,,7,7,,,,,,,1,,1,27,20,"1,2,3",1,1,1,,,,,,,1,6,,,,,,1,,1,2,2,2,,1,,,,
108,845,4/24/2020 11:12,R_1QuBoFT4DFKXK74,5,4,4,2,7,2,7,1,1,1,1,1,4,1,4,4,4,1,7,1,7,3,2,1,1,1,4,1,7,6,1,2,1,2,5,5,1,1,1,2,,1,,,,,,,,,,,1,1,,,,,,,,,,,,7,7,,,,,,,1,,1,38,16,"2,5,7,9",,1,,,1,,1,,1,1,"2,3,5,6,7",,1,1,,1,1,1,1,"2,4","2,4",2,,1,,1,,
109,502,4/24/2020 11:12,R_2tmVYVX9NTgfut7,5,4,4,5,6,3,6,3,3,4,5,5,4,2,4,4,5,6,6,4,5,3,5,4,5,5,4,2,4,7,2,3,2,3,3,4,,,1,2,,1,,,,,,,,,,,"1,3",1,,1,,,,,,,,,,7,7,,,,,,,1,,1,48,47,"2,3",,1,1,,,,,,,1,1,1,,,,,,,2,6,6,0,,,,,,1
110,667,4/24/2020 11:12,R_UxpUpsE1PgXDfah,5,5,4,1,7,1,7,1,3,1,1,1,4,1,5,4,4,3,7,3,6,5,7,2,1,2,4,1,6,7,1,2,2,2,5,5,1,2,1,2,,1,,,,,,,,,,,1,1,,,,,,,,,,,,7,7,,,,,,,1,,1,39,37,"1,2,3,4,5",1,1,1,1,1,,,,,1,2,,1,,,,,,2,2,2,2,,1,,,,
111,350,4/24/2020 11:12,R_29gCnRJ6vQeJ2J5,5,5,4,6,2,3,2,2,7,4,4,4,4,1,5,3,4,4,4,4,4,4,4,4,4,4,4,1,4,4,1,1,1,1,5,3,3,3,3,"3,7,8",,,1,,,,1,1,,,,,"1,4,7,11",1,,,1,,,1,,,,1,,7,7,,,,,,,1,,1,39,19,"2,5,7",,1,,,1,,1,,,1,4,,,,1,,,,2,"2,4","2,4",2,,1,,1,,
112,2121,4/24/2020 11:12,R_bBdKplWXzQjoxA5,5,4,4,8,7,5,7,3,2,2,2,2,4,1,4,4,4,7,7,3,7,6,6,6,6,6,4,1,4,5,2,2,2,2,4,2,1,1,1,3,,,1,,,,,,,,,,"1,3,7,11",1,,1,,,,1,,,,1,,7,7,,,,,,,1,,1,35,16,"2,3,9",,1,1,,,,,,1,1,"6,7",,,,,,1,1,1,"2,4","2,4",2,,1,,1,,
113,3119,4/24/2020 11:12,R_1qglZU5nziD9jKY,5,4,2,6,6,6,6,2,2,5,3,3,4,1,5,2,3,4,6,5,4,1,5,5,2,5,4,1,4,6,2,2,2,2,5,5,2,2,2,2,,1,,,,,,,,,,,2,,1,,,,,,,,,,,7,7,,,,,,,1,,1,59,27,"2,5,9",,1,,,1,,,,1,1,"4,6",,,,1,,1,,2,6,6,0,,,,,,1
114,1000,4/24/2020 11:12,R_2QsOpccpxemg9vc,5,5,4,2,6,2,6,1,2,2,1,1,4,1,5,4,4,4,6,3,6,4,4,3,1,1,4,2,4,7,1,1,1,1,5,4,2,2,,1,1,,,,,,,,,,,,"2,6,12",,1,,,,1,,,,,,1,7,7,,,,,,,1,,1,24,24,"3,9",,,1,,,,,,1,1,1,1,,,,,,,3,4,4,0,,,,1,,
115,2369,4/24/2020 11:12,R_D1TxnikEWj0qzYd,5,5,4,1,7,1,7,1,7,1,1,1,4,2,3,5,4,1,7,1,7,1,7,1,1,1,4,1,6,7,1,1,1,1,5,5,2,2,2,"3,8",,,1,,,,,1,,,,,"1,11",1,,,,,,,,,,1,,"1,7","1,7",1,,,,,,1,,1,34,24,"1,3",1,,1,,,,,,,1,"3,6",,,1,,,1,,2,"2,3,4","2,3,4",2,,1,1,1,,
116,576,4/24/2020 11:12,R_22FaNK25omgwhoN,5,5,4,5,7,3,7,2,1,2,2,1,4,2,4,3,4,5,6,3,6,4,2,2,5,5,4,1,6,7,1,2,2,4,4,3,2,2,1,"6,8",,,,,,1,,1,,,,,"1,3",1,,1,,,,,,,,,,7,7,,,,,,,1,,0,32,19,"2,9",,1,,,,,,,1,2,5,,,,,1,,,1,6,6,0,,,,,,1
117,2661,4/24/2020 11:12,R_pFWJW6VJTUwgL3X,4,5,4,2,7,5,6,2,7,3,1,1,1,1,4,3,5,6,6,6,7,1,7,6,1,1,4,1,7,7,1,1,2,3,5,4,2,1,2,8,,,,,,,,1,,,,,8,,,,,,,,1,,,,,7,7,,,,,,,1,,0,52,37,"1,4",1,,,1,,,,,,2,1,1,,,,,,,1,6,6,0,,,,,,1
118,662,4/24/2020 11:12,R_3Hp5jCAWCmyf2uw,4,5,4,6,7,3,7,2,2,2,1,1,4,2,4,4,5,5,7,4,7,5,3,1,6,6,4,1,4,7,2,2,2,3,5,3,2,2,2,"3,6,12",,,1,,,1,,,,,,1,"4,12",,,,1,,,,,,,,1,7,7,,,,,,,1,,1,20,,"1,2,3,8,9",1,1,1,,,,,1,1,2,"4,6",,,,1,,1,,2,4,4,0,,,,1,,
119,860,4/24/2020 11:12,R_3LjddYCqRRzeGe5,1,1,7,1,1,7,7,7,7,4,1,1,7,1,1,1,1,6,1,7,1,1,7,7,1,1,7,1,7,7,1,1,1,1,1,1,2,2,,2,,1,,,,,,,,,,,7,,,,,,,1,,,,,,8,7,,,,,,,,1,0,58,15,"1,7",1,,,,,,1,,,1,7,,,,,,,1,1,"3,6","3,6",0,,,1,,,1
120,615,4/24/2020 11:12,R_urFfCzBxbu4PAvT,5,5,4,2,7,2,7,2,2,1,5,5,4,1,5,5,4,5,7,5,7,6,6,2,6,6,4,1,5,6,1,2,2,3,5,5,2,2,1,"2,8,9",,1,,,,,,1,1,,,,"1,3",1,,1,,,,,,,,,,7,7,,,,,,,1,,1,32,16,"1,3,4,8",1,,1,1,,,,1,,1,6,,,,,,1,,2,2,2,2,,1,,,,
121,1716,4/24/2020 11:12,R_b72y8rXLkC87ddf,5,5,4,2,7,2,7,2,2,2,1,1,4,1,2,2,4,7,6,6,6,7,7,6,2,2,4,1,7,7,1,2,2,3,4,2,2,2,1,2,,1,,,,,,,,,,,6,,,,,,1,,,,,,,7,7,,,,,,,1,,1,49,34,"1,2,3,5,8",1,1,1,,1,,,1,,1,7,,,,,,,1,1,2,2,2,,1,,,,
122,1007,4/24/2020 11:12,R_bawgfdyb9A6MLiV,5,5,5,5,7,3,7,2,5,2,1,1,4,2,5,5,5,6,7,3,7,4,6,2,2,3,4,1,6,7,1,2,2,3,5,5,2,2,2,1,1,,,,,,,,,,,,2,,1,,,,,,,,,,,7,7,,,,,,,1,,1,31,26,6,,,,,,1,,,,1,"1,2",1,1,,,,,,3,2,2,2,,1,,,,
123,852,4/24/2020 11:12,R_SUzKyuf1gJUitxL,4,4,4,7,7,7,7,4,1,1,1,1,4,1,3,3,4,7,7,7,7,1,2,2,1,1,4,1,5,4,2,2,2,2,4,4,1,3,1,"1,3",1,,1,,,,,,,,,,"4,5",,,,1,1,,,,,,,,7,7,,,,,,,1,,1,33,20,"1,3,8,9",1,,1,,,,,1,1,1,"4,6",,,,1,,1,,1,2,2,2,,1,,,,
124,490,4/24/2020 11:12,R_W1k5GL7iTwekalP,5,4,6,8,7,7,3,1,2,1,1,1,4,2,5,3,4,7,6,6,6,1,5,7,1,5,4,1,7,7,1,1,1,3,5,5,2,2,2,1,1,,,,,,,,,,,,2,,1,,,,,,,,,,,7,7,,,,,,,1,,1,46,25,"1,8",1,,,,,,,1,,2,5,,,,,1,,,2,4,4,0,,,,1,,
125,746,4/24/2020 11:12,R_UMv8AM1FdDUZzih,5,5,4,4,7,4,7,1,3,1,1,1,4,2,5,5,4,6,7,6,7,1,3,1,1,1,4,1,7,7,1,1,1,1,5,5,2,2,2,5,,,,,1,,,,,,,,1,1,,,,,,,,,,,,7,7,,,,,,,1,,1,30,25,"1,2,3,5,9",1,1,1,,1,,,,1,1,7,,,,,,,1,2,1,1,0,1,,,,,
126,858,4/24/2020 11:13,R_RgCu9YlvSWRL637,5,5,4,2,7,2,7,1,2,1,1,1,4,2,4,3,4,6,7,6,7,6,5,4,5,5,4,1,7,7,1,2,1,2,5,5,2,2,1,"2,3",,1,1,,,,,,,,,,"7,10",,,,,,,1,,,1,,,7,7,,,,,,,1,,1,21,19,"5,7,9",,,,,1,,1,,1,1,6,,,,,,1,,1,2,2,2,,1,,,,
127,905,4/24/2020 11:13,R_DHVm8al0jdd3jGx,5,4,5,4,7,6,7,1,2,2,1,1,4,1,5,3,5,2,7,2,7,2,6,6,1,1,4,1,7,7,1,1,2,2,5,5,2,2,2,1,1,,,,,,,,,,,,"2,6",,1,,,,1,,,,,,,7,7,,,,,,,1,,1,72,40,"2,7,9",,1,,,,,1,,1,1,5,,,,,1,,,2,2,2,2,,1,,,,
128,2327,4/24/2020 11:13,R_C46tRyJxx2ZNrGh,5,5,4,6,7,5,7,1,1,1,1,1,4,1,5,5,4,7,7,5,4,2,7,3,1,1,4,1,7,7,1,1,1,1,5,5,1,2,2,1,1,,,,,,,,,,,,"2,6,10",,1,,,,1,,,,1,,,7,7,,,,,,,1,,1,78,29,6,,,,,,1,,,,1,7,,,,,,,1,2,2,2,2,,1,,,,
129,879,4/24/2020 11:13,R_1o26NAIprLfh3hZ,5,5,4,4,6,3,6,1,1,1,1,1,4,2,4,4,3,6,7,6,5,1,6,6,1,2,4,1,4,7,1,2,1,2,3,1,2,2,2,2,,1,,,,,,,,,,,7,,,,,,,1,,,,,,7,7,,,,,,,1,,1,26,,"2,9",,1,,,,,,,1,2,5,,,,,1,,,3,4,4,0,,,,1,,
130,1556,4/24/2020 11:13,R_Z7Tp5nIMjZZyVnr,5,5,4,8,7,7,7,1,7,1,1,1,4,1,1,3,6,7,7,7,7,7,7,7,1,1,4,1,7,6,1,1,1,2,5,1,1,1,1,2,,1,,,,,,,,,,,2,,1,,,,,,,,,,,7,7,,,,,,,1,,0,58,46,7,,,,,,,1,,,2,5,,,,,1,,,2,4,4,0,,,,1,,
131,2675,4/24/2020 11:13,R_1jy5qcfdXZmWZ2j,5,5,4,3,6,2,6,2,2,1,2,3,4,2,4,4,4,6,6,6,6,6,7,7,6,6,4,1,7,7,2,4,2,4,5,2,2,2,1,"1,12",1,,,,,,,,,,,1,2,,1,,,,,,,,,,,7,7,,,,,,,1,,1,56,10,"2,3,9",,1,1,,,,,,1,2,5,,,,,1,,,3,4,4,0,,,,1,,
132,695,4/24/2020 11:13,R_R4CCxlUQHZvutMZ,5,5,7,2,5,7,7,3,7,5,3,3,4,1,5,5,6,7,7,7,7,5,6,5,3,3,4,1,7,7,2,3,1,2,5,5,1,1,2,1,1,,,,,,,,,,,,"4,7",,,,1,,,1,,,,,,7,7,,,,,,,1,,1,37,16,"1,6,8",1,,,,,1,,1,,2,3,,,1,,,,,4,2,2,2,,1,,,,
133,565,4/24/2020 11:13,R_Df4uNNAdbwzux1L,5,5,4,6,7,6,7,5,5,1,1,1,4,1,4,4,4,6,7,6,7,6,6,1,1,1,4,1,7,7,1,2,2,3,5,4,1,,1,1,1,,,,,,,,,,,,4,,,,1,,,,,,,,,7,7,,,,,,,1,,0,64,20,"1,4,6,8",1,,,1,,1,,1,,1,1,1,,,,,,,1,2,2,2,,1,,,,
134,1471,4/24/2020 11:13,R_Ap1GinpkszDVRGF,2,4,4,6,7,3,6,5,2,2,2,2,4,1,2,3,4,6,6,6,6,6,5,1,3,3,4,1,5,6,1,2,2,2,2,2,1,3,3,1,1,,,,,,,,,,,,6,,,,,,1,,,,,,,7,7,,,,,,,1,,0,55,28,3,,,1,,,,,,,2,6,,,,,,1,,2,"2,4","2,4",2,,1,,1,,
135,662,4/24/2020 11:13,R_1kSwzvOJqb7GT9q,5,5,4,6,6,6,6,6,6,1,5,5,4,1,5,5,4,6,6,6,6,1,5,1,5,5,2,1,4,7,3,3,2,3,5,5,2,2,2,"1,2,3",1,1,1,,,,,,,,,,2,,1,,,,,,,,,,,7,7,,,,,,,1,,1,55,,,,,,,,,,,,3,5,,,,,1,,,2,2,2,2,,1,,,,
136,1000,4/24/2020 11:13,R_1eOwtO2zcN56QeM,4,4,4,4,7,4,7,3,3,1,1,1,4,2,4,3,4,6,7,6,7,5,5,3,1,1,4,1,5,7,1,1,1,1,3,4,2,2,2,2,,1,,,,,,,,,,,7,,,,,,,1,,,,,,8,8,,,,,,,,1,1,25,19,9,,,,,,,,,1,2,2,,1,,,,,,3,3,3,0,,,1,,,
137,1383,4/24/2020 11:13,R_1imuP97WUWt5UQK,5,5,4,3,7,1,7,1,1,1,1,1,4,1,3,3,4,7,7,7,7,6,2,3,1,1,4,1,4,4,1,2,1,2,5,3,1,2,1,2,,1,,,,,,,,,,,"3,7",,,1,,,,1,,,,,,7,7,,,,,,,1,,1,30,18,"2,5",,1,,,1,,,,,2,"6,7",,,,,,1,1,1,"2,4","2,4",2,,1,,1,,
138,973,4/24/2020 11:13,R_3han3rMdHutJQgz,5,5,4,2,7,2,7,2,6,1,1,1,4,1,4,5,4,6,7,6,7,6,6,3,1,1,4,1,4,7,1,1,1,1,5,5,2,2,1,2,,1,,,,,,,,,,,"1,3,11",1,,1,,,,,,,,1,,7,7,,,,,,,1,,1,40,29,"2,3,5,9",,1,1,,1,,,,1,1,"2,3,6",,1,1,,,1,,3,"1,2,4","1,2,4",2,1,1,,1,,
139,989,4/24/2020 11:13,R_3ssK4vcARcDcfB3,5,4,4,8,7,7,7,1,1,2,2,2,4,1,4,4,4,7,7,7,7,5,4,5,5,5,3,1,6,5,2,3,2,3,4,3,2,,,"3,5",,,1,,1,,,,,,,,"8,9",,,,,,,,1,1,,,,"4,7","4,7",,,,1,,,1,,1,23,19,"2,9",,1,,,,,,,1,1,1,1,,,,,,,3,"2,4","2,4",2,,1,,1,,
140,1604,4/24/2020 11:13,R_1d0JmdP9WQNncTn,5,5,4,5,7,5,3,2,7,1,1,1,4,1,5,4,4,5,3,4,3,7,7,7,5,4,4,1,7,6,1,1,1,1,4,1,2,2,2,7,,,,,,,1,,,,,,7,,,,,,,1,,,,,,7,7,,,,,,,1,,,63,13,"1,3,4,5,9",1,,1,1,1,,,,1,1,1,1,,,,,,,1,2,2,2,,1,,,,
141,814,4/24/2020 11:13,R_vlgcCcpTa0y9VQt,5,5,4,2,7,2,7,3,1,1,2,2,4,1,5,3,4,2,7,2,7,4,2,1,3,3,4,1,6,7,1,2,2,3,5,5,3,2,2,2,,1,,,,,,,,,,,6,,,,,,1,,,,,,,7,7,,,,,,,1,,1,39,30,"3,5,9",,,1,,1,,,,1,1,5,,,,,1,,,3,2,2,2,,1,,,,
142,1075,4/24/2020 11:13,R_veJafaZITa7JGCd,5,4,4,2,7,2,7,2,3,1,1,1,4,1,4,3,4,6,7,6,7,6,6,3,1,1,4,1,5,7,1,2,1,2,5,5,1,2,1,2,,1,,,,,,,,,,,7,,,,,,,1,,,,,,7,7,,,,,,,1,,1,42,,"2,5,9",,1,,,1,,,,1,1,"3,6,7",,,1,,,1,1,2,"2,4","2,4",2,,1,,1,,
143,1104,4/24/2020 11:13,R_1N3b9O5SHl131a2,5,5,4,4,7,4,7,2,4,1,2,2,4,2,4,4,4,6,6,6,6,7,7,6,4,4,4,1,4,7,1,2,2,2,5,2,2,2,1,2,,1,,,,,,,,,,,"7,8",,,,,,,1,1,,,,,7,7,,,,,,,1,,1,34,15,"2,3,9",,1,1,,,,,,1,1,"5,7",,,,,1,,1,1,2,2,2,,1,,,,
144,1011,4/24/2020 11:13,R_1hzno1fpnT8GaCp,2,4,4,7,7,6,4,2,6,6,1,1,4,2,1,3,5,7,7,5,7,6,6,6,2,5,4,1,6,7,1,2,1,3,4,1,3,2,1,2,,1,,,,,,,,,,,6,,,,,,1,,,,,,,7,7,,,,,,,1,,1,52,22,"3,7,9",,,1,,,,1,,1,3,"3,7",,,1,,,,1,1,6,6,0,,,,,,1
145,1120,4/24/2020 11:13,R_RKowNknDcPyBIjf,4,4,4,7,6,6,7,3,5,2,2,2,4,1,4,4,4,7,7,7,7,3,5,6,3,3,4,1,4,6,1,2,1,3,5,4,1,2,1,"2,3,7,8",,1,1,,,,1,1,,,,,"1,3,7",1,,1,,,,1,,,,,,7,7,,,,,,,1,,1,29,19,"1,3,4,5,9",1,,1,1,1,,,,1,1,"3,4",,,1,1,,,,3,"1,2,4","1,2,4",2,1,1,,1,,
146,914,4/24/2020 11:13,R_1IgZEN8sDtJceyq,2,3,3,6,6,6,6,3,5,6,1,1,4,1,1,3,4,6,6,6,6,4,5,6,1,1,4,1,5,6,1,2,2,3,2,1,2,2,2,1,1,,,,,,,,,,,,4,,,,1,,,,,,,,,7,7,,,,,,,1,,1,68,26,"2,5,7,9",,1,,,1,,1,,1,1,7,,,,,,,1,1,3,3,0,,,1,,,
147,832,4/24/2020 11:13,R_1dL8MdjmhXQ1c4o,5,4,6,3,7,2,7,2,2,1,3,3,4,1,5,3,4,2,7,2,7,2,6,1,3,3,4,1,4,7,1,2,2,2,5,5,2,2,1,2,,1,,,,,,,,,,,7,,,,,,,1,,,,,,"4,7","4,7",,,,1,,,1,,1,31,2013,"2,5,9",,1,,,1,,,,1,1,"3,6",,,1,,,1,,3,2,2,2,,1,,,,
148,943,4/24/2020 11:13,R_3etooZ6O0NECmhS,5,5,4,5,7,2,7,1,1,1,1,1,3,1,5,4,4,7,7,6,6,5,5,1,1,2,2,1,4,4,1,1,1,1,5,5,2,2,1,5,,,,,1,,,,,,,,1,1,,,,,,,,,,,,7,7,,,,,,,1,,1,32,25,"1,4,8",1,,,1,,,,1,,1,5,,,,,1,,,1,4,4,0,,,,1,,
149,1247,4/24/2020 11:13,R_1LZ1xaQ82XfnHg0,5,5,4,2,7,1,7,1,2,1,1,1,4,1,3,3,4,6,7,5,7,6,6,5,1,1,4,1,7,7,1,2,2,2,5,5,2,2,1,1,1,,,,,,,,,,,,2,,1,,,,,,,,,,,7,7,,,,,,,1,,1,42,19,3,,,1,,,,,,,1,4,,,,1,,,,3,"2,4","2,4",2,,1,,1,,
150,717,4/24/2020 11:13,R_1FaKk58tMGv3wnl,5,4,4,6,7,6,7,2,1,2,1,1,4,1,3,4,4,5,7,5,7,3,5,2,1,1,4,1,4,5,1,1,1,1,4,5,1,1,1,"2,3",,1,1,,,,,,,,,,"1,3,7",1,,1,,,,1,,,,,,7,7,,,,,,,1,,1,20,16,"3,4,5",,,1,1,1,,,,,1,6,,,,,,1,,3,"1,4","1,4",0,1,,,1,,
151,545,4/24/2020 11:13,R_1E7r97LrxAZhyeK,5,5,4,2,7,1,6,1,1,1,1,1,4,2,3,3,4,3,6,2,6,1,5,2,1,1,4,1,6,7,1,1,1,1,5,4,2,2,1,2,,1,,,,,,,,,,,4,,,,1,,,,,,,,,7,7,,,,,,,1,,1,40,36,"2,3,9",,1,1,,,,,,1,2,"3,6",,,1,,,1,,2,2,2,2,,1,,,,
152,21014,4/24/2020 11:13,R_1DM4xnSMQHb96wd,5,4,4,8,7,7,7,3,4,2,4,4,4,1,5,5,4,7,7,7,7,5,7,4,4,4,4,1,4,6,1,2,2,2,5,5,2,2,1,2,,1,,,,,,,,,,,"3,4",,,1,1,,,,,,,,,"2,7","2,7",,1,,,,,1,,1,26,14,"2,5,9",,1,,,1,,,,1,1,"2,3,4,6",,1,1,1,,1,,3,2,2,2,,1,,,,
153,765,4/24/2020 11:13,R_1GVukEhY4keoBpu,4,4,4,7,6,5,6,2,1,5,1,1,4,1,5,2,4,7,7,7,7,7,4,7,2,2,4,1,6,7,1,2,2,3,2,2,2,2,1,2,,1,,,,,,,,,,,6,,,,,,1,,,,,,,7,7,,,,,,,1,,1,40,16,"1,2,3,8,9",1,1,1,,,,,1,1,1,"2,3",,1,1,,,,,3,2,2,2,,1,,,,
154,1807,4/24/2020 11:13,R_z6W58BppPYzvKA9,5,5,4,8,7,7,7,5,6,6,1,1,4,1,4,4,4,7,7,7,7,6,6,6,5,5,4,1,4,7,2,3,2,3,5,5,2,2,1,12,,,,,,,,,,,,1,1,1,,,,,,,,,,,,"1,7,8","1,7",1,,,,,,1,1,1,53,6,"1,2,3,4,5,8",1,1,1,1,1,,,1,,1,"5,7",,,,,1,,1,1,"1,2,4","1,2,4",2,1,1,,1,,
155,996,4/24/2020 11:13,R_3D5yHRf59onktqp,5,5,1,1,7,1,7,2,3,1,1,1,4,1,2,3,4,5,7,5,7,7,7,6,1,1,7,1,7,7,1,2,1,2,5,1,1,2,2,2,,1,,,,,,,,,,,"2,5",,1,,,1,,,,,,,,7,7,,,,,,,1,,1,24,18,"2,5,7,9",,1,,,1,,1,,1,1,3,,,1,,,,,1,"1,2","1,2",2,1,1,,,,
156,5108,4/24/2020 11:13,R_pFSMgdxUoMd2guJ,5,5,4,6,6,6,6,2,4,1,1,1,4,1,5,5,4,6,6,6,6,2,6,1,1,1,4,1,6,7,1,1,1,2,5,5,1,1,1,1,1,,,,,,,,,,,,2,,1,,,,,,,,,,,7,7,,,,,,,1,,1,47,22,"1,4,6,8",1,,,1,,1,,1,,1,"2,3,5,6",,1,1,,1,1,,2,"2,3,6","2,3,6",2,,1,1,,,1
157,460,4/24/2020 11:13,R_TuQfPANghlqmEKt,5,5,6,6,7,6,6,5,5,4,6,1,4,2,5,5,4,2,6,6,7,6,7,6,2,1,4,1,7,7,2,3,2,4,5,5,1,1,1,2,,1,,,,,,,,,,,2,,1,,,,,,,,,,,7,7,,,,,,,1,,1,42,17,9,,,,,,,,,1,2,"2,3",,1,1,,,,,1,4,4,0,,,,1,,
158,301746,4/24/2020 11:13,R_SCZheo9Y9HRdqlH,5,5,4,4,4,4,4,2,1,1,1,1,4,1,5,5,4,4,5,4,6,1,3,1,1,1,4,1,4,7,1,2,2,2,5,5,1,1,1,"1,5",1,,,,1,,,,,,,,1,1,,,,,,,,,,,,7,7,,,,,,,1,,1,27,18,"2,3,5,9",,1,1,,1,,,,1,1,5,,,,,1,,,1,2,2,2,,1,,,,
159,879,4/24/2020 11:13,R_1hKYZpZXorfKRWy,5,5,4,5,7,5,7,2,6,2,2,2,4,1,3,3,4,6,7,5,7,7,7,6,5,5,4,1,4,6,1,2,1,2,5,5,2,2,1,2,,1,,,,,,,,,,,"6,11",,,,,,1,,,,,1,,7,7,,,,,,,1,,1,26,25,"2,5,9",,1,,,1,,,,1,1,"2,3",,1,1,,,,,1,"1,2,4","1,2,4",2,1,1,,1,,
160,758,4/24/2020 11:13,R_1gBhTKgwtONhvtR,5,4,4,7,7,5,6,5,5,2,2,2,4,1,4,4,4,6,7,5,6,6,5,5,3,3,4,1,6,7,1,2,2,2,5,4,2,2,2,1,1,,,,,,,,,,,,1,1,,,,,,,,,,,,7,7,,,,,,,1,,1,51,14,"1,2,3,8,9",1,1,1,,,,,1,1,1,5,,,,,1,,,3,2,2,2,,1,,,,
161,646,4/24/2020 11:13,R_7QKnm6EfeJUOIXD,5,4,3,5,5,5,5,2,1,2,1,1,4,1,5,4,4,5,5,5,6,1,6,5,1,1,4,1,5,6,1,1,1,2,5,5,1,1,2,2,,1,,,,,,,,,,,2,,1,,,,,,,,,,,7,7,,,,,,,1,,1,60,39,9,,,,,,,,,1,1,2,,1,,,,,,4,2,2,2,,1,,,,
162,486,4/24/2020 11:13,R_1KfJaTLpe4m3NN7,5,4,4,6,6,6,6,1,6,1,1,1,4,2,4,4,4,7,7,7,7,5,5,2,1,1,4,1,4,4,1,2,1,2,5,3,1,2,1,2,,1,,,,,,,,,,,7,,,,,,,1,,,,,,7,7,,,,,,,1,,,35,17,"2,7,9",,1,,,,,1,,1,1,7,,,,,,,1,4,2,2,2,,1,,,,
163,738,4/24/2020 11:13,R_3oATOH2qTyQJZdo,4,3,5,6,6,2,4,5,7,2,1,3,4,1,2,3,4,6,6,6,6,6,7,4,1,5,4,1,7,7,1,2,2,3,3,2,2,2,3,"1,12",1,,,,,,,,,,,1,"1,3,5,7,8",1,,1,,1,,1,1,,,,,7,7,,,,,,,1,,1,67,28,"1,4,6,8",1,,,1,,1,,1,,1,5,,,,,1,,,1,2,2,2,,1,,,,
164,714,4/24/2020 11:13,R_3k6pIjNN2Iy45eu,5,5,4,3,7,1,6,2,2,1,2,2,4,2,4,4,4,6,7,2,6,3,2,1,3,3,4,1,4,4,1,2,1,2,2,3,1,1,1,2,,1,,,,,,,,,,,"2,9",,1,,,,,,,1,,,,"7,8","7,8",,,,,,,1,1,1,46,19,9,,,,,,,,,1,1,1,1,,,,,,,2,4,4,0,,,,1,,
165,990,4/24/2020 11:13,R_3RsI5IcVNU5GBmj,4,4,4,7,7,6,7,6,6,3,2,1,4,1,4,3,4,7,7,7,7,7,6,6,6,6,4,1,7,6,1,2,1,2,4,5,1,1,1,2,,1,,,,,,,,,,,1,1,,,,,,,,,,,,7,7,,,,,,,1,,1,52,22,"3,5",,,1,,1,,,,,1,"2,3,5,7",,1,1,,1,,1,1,2,2,2,,1,,,,
166,1542,4/24/2020 11:13,R_1CxsEwvLTOes7rS,5,5,4,2,4,2,4,1,6,1,1,1,1,2,4,5,3,2,7,2,4,1,7,1,1,1,1,1,4,7,1,1,1,2,5,4,,,2,1,1,,,,,,,,,,,,2,,1,,,,,,,,,,,7,7,,,,,,,1,,1,83,30,"1,6,8",1,,,,,1,,1,,1,7,,,,,,,1,2,2,2,2,,1,,,,
167,1889,4/24/2020 11:13,R_3EohvUJyqrwmwqk,5,4,4,5,6,3,7,3,6,3,2,2,4,1,4,3,4,6,5,5,5,7,6,7,2,2,4,1,2,7,2,3,2,3,5,2,2,2,1,2,,1,,,,,,,,,,,7,,,,,,,1,,,,,,"6,7","6,7",,,,,,1,1,,1,48,44,"2,3,5,8,9",,1,1,,1,,,1,1,3,"2,5",,1,,,1,,,3,2,2,2,,1,,,,
168,7057,4/24/2020 11:13,R_3LaIwsJmB1m8H9K,5,5,4,3,7,1,7,2,2,2,1,1,4,1,4,4,4,6,7,6,7,6,6,7,6,6,4,1,4,7,1,2,1,2,5,4,1,1,1,2,,1,,,,,,,,,,,6,,,,,,1,,,,,,,7,7,,,,,,,1,,1,50,25,"1,2,4,6,8",1,1,,1,,1,,1,,1,"1,2,3",1,1,1,,,,,1,"2,3,4","2,3,4",2,,1,1,1,,
169,1120,4/24/2020 11:13,R_2Qnhh2bdiCtpoRR,5,5,4,1,7,1,7,1,7,1,1,1,4,1,5,4,5,5,7,3,7,4,7,1,1,1,4,1,,,,,,,,,,,,,,,,,,,,,,,,,,,,,,,,,,,,,,,,,,,,,,,,,,,,,,,,,,,,,,,,,,,,,,,,,,,,,,,
170,660,4/24/2020 11:13,R_28A1sPe8rlPsDgp,5,3,4,,4,3,3,2,1,1,1,1,4,2,5,4,4,6,6,2,2,6,2,2,1,1,4,1,,,,,,,,,,,,,,,,,,,,,,,,,,,,,,,,,,,,,,,,,,,,,,,,,,,,,,,,,,,,,,,,,,,,,,,,,,,,,,,
171,621,4/24/2020 11:13,R_2VO61l9IFDcGPeL,5,5,4,6,7,6,7,1,5,1,5,5,4,1,5,5,4,7,7,7,7,1,6,5,6,6,4,2,6,7,3,3,3,3,5,5,3,2,1,"1,9",1,,,,,,,,1,,,,4,,,,1,,,,,,,,,"1,7","1,7",1,,,,,,1,,1,34,22,"1,2,3,8,9",1,1,1,,,,,1,1,1,1,1,,,,,,,2,4,4,0,,,,1,,
172,799,4/24/2020 11:13,R_2fuLYwq3EV9fYwE,5,4,4,2,7,1,7,2,2,1,1,1,4,2,5,4,4,3,7,3,7,3,6,1,1,1,4,1,4,4,1,1,1,2,5,5,1,1,1,1,1,,,,,,,,,,,,6,,,,,,1,,,,,,,7,7,,,,,,,1,,1,45,18,"1,4,6,8",1,,,1,,1,,1,,2,3,,,1,,,,,1,"1,2","1,2",2,1,1,,,,
173,350,4/24/2020 11:13,R_2ctFWDJBisnksRc,5,4,4,4,4,3,5,2,2,2,1,1,4,1,3,3,4,5,5,5,5,6,6,5,1,1,4,1,4,4,1,1,1,1,5,3,1,1,1,3,,,1,,,,,,,,,,1,1,,,,,,,,,,,,7,7,,,,,,,1,,1,40,16,5,,,,,1,,,,,2,6,,,,,,1,,1,"1,2","1,2",2,1,1,,,,
174,936,4/24/2020 11:13,R_2VCT2QYbO9Dwv7s,5,5,4,1,1,1,1,1,2,1,2,2,4,1,5,5,4,1,1,1,1,4,6,6,4,4,4,1,6,7,1,2,2,2,5,5,2,2,2,2,,1,,,,,,,,,,,7,,,,,,,1,,,,,,7,7,,,,,,,1,,1,40,22,"1,5,8",1,,,,1,,,1,,2,1,1,,,,,,,1,2,2,2,,1,,,,
175,529,4/24/2020 11:13,R_11Z3hnHTfxFxTsJ,5,5,4,2,7,1,7,2,3,1,1,1,4,2,5,5,4,2,7,2,7,1,6,1,1,1,4,1,7,7,1,1,1,1,4,4,2,2,2,1,1,,,,,,,,,,,,4,,,,1,,,,,,,,,7,7,,,,,,,1,,1,27,22,"1,2,3,8,9",1,1,1,,,,,1,1,2,"4,6",,,,1,,1,,1,"2,4","2,4",2,,1,,1,,
176,963,4/24/2020 11:13,R_3RdRFGsNXl7OcDl,5,4,5,7,6,6,6,2,1,6,1,1,4,2,2,2,4,7,7,7,7,6,5,6,5,5,4,1,6,6,2,3,2,3,5,4,2,2,1,2,,1,,,,,,,,,,,7,,,,,,,1,,,,,,7,7,,,,,,,1,,1,46,30,"1,2,3,4,5",1,1,1,1,1,,,,,2,3,,,1,,,,,2,2,2,2,,1,,,,
177,1248,4/24/2020 11:13,R_2UXx3BI1XRfZYwh,5,4,4,4,7,2,4,2,2,2,2,2,4,2,3,2,4,7,7,6,6,6,6,3,5,5,4,1,4,6,2,2,2,2,4,2,2,2,1,"3,12",,,1,,,,,,,,,1,"2,8,11",,1,,,,,,1,,,1,,7,7,,,,,,,1,,1,51,17,"4,6,8",,,,1,,1,,1,,1,7,,,,,,,1,1,"2,3","2,3",2,,1,1,,,
178,719,4/24/2020 11:13,R_3Pn7U4yqKXyCTHj,5,5,4,1,7,1,7,2,2,1,1,1,4,1,2,2,4,1,7,1,7,6,7,7,1,1,4,1,4,7,1,1,2,2,5,2,1,2,1,5,,,,,1,,,,,,,,11,,,,,,,,,,,1,,7,7,,,,,,,1,,1,48,25,7,,,,,,,1,,,1,1,1,,,,,,,3,2,2,2,,1,,,,
179,1196,4/24/2020 11:13,R_SVGK5Ug3l156IsV,2,5,5,8,6,6,7,2,5,3,1,1,4,1,1,4,6,7,6,5,7,7,7,5,1,7,4,1,7,7,1,2,4,4,2,2,1,2,2,2,,1,,,,,,,,,,,6,,,,,,1,,,,,,,7,7,,,,,,,1,,0,38,32,"2,5,9",,1,,,1,,,,1,1,2,,1,,,,,,,5,5,0,,,,,1,
180,1518,4/24/2020 11:13,R_3jTmr9PSGgAvj2H,3,5,4,7,7,1,7,2,2,1,2,2,4,1,4,5,4,7,7,1,7,6,6,1,2,2,4,1,6,7,1,1,2,2,3,3,1,1,1,1,1,,,,,,,,,,,,11,,,,,,,,,,,1,,7,7,,,,,,,1,,0,50,12,"1,2,3,4,5,8,9",1,1,1,1,1,,,1,1,1,2,,1,,,,,,1,4,4,0,,,,1,,
181,3377,4/24/2020 11:13,R_1DIT6ZFHm7nSYwY,5,4,7,1,2,3,5,2,7,5,1,1,4,1,2,3,5,6,4,6,6,5,7,7,1,1,4,1,6,6,1,1,1,2,5,5,2,2,2,1,1,,,,,,,,,,,,2,,1,,,,,,,,,,,7,7,,,,,,,1,,0,60,34,6,,,,,,1,,,,1,5,,,,,1,,,1,3,3,0,,,1,,,
182,4555,4/24/2020 11:13,R_3RpBS5L5oxEwQCx,5,5,4,2,7,3,7,4,4,2,1,1,4,1,4,3,4,6,7,6,7,7,4,6,6,6,4,1,5,7,1,2,1,2,5,5,2,2,2,2,,1,,,,,,,,,,,"2,6",,1,,,,1,,,,,,,4,4,,,,1,,,,,0,42,24,"2,5",,1,,,1,,,,,1,"2,5,6,7",,1,,,1,1,1,1,"2,3","2,3",2,,1,1,,,
183,724,4/24/2020 11:13,R_0qwBxRlhqXRbGlr,5,3,5,5,7,5,7,6,6,6,2,2,4,1,2,2,5,6,7,6,7,7,7,6,3,3,4,1,6,7,2,2,2,3,5,5,1,2,1,1,1,,,,,,,,,,,,6,,,,,,1,,,,,,,7,7,,,,,,,1,,0,41,32,"1,4,8",1,,,1,,,,1,,1,"2,3,7",,1,1,,,,1,1,2,2,2,,1,,,,
186,780,4/24/2020 11:13,R_2YmHpwrHxYxEf1x,4,5,4,1,7,1,7,3,7,1,2,2,4,2,3,3,4,3,7,3,7,6,7,1,2,2,4,1,7,7,1,2,1,2,5,4,1,1,1,2,,1,,,,,,,,,,,7,,,,,,,1,,,,,,4,4,,,,1,,,,,1,40,23,"2,5,7,9",,1,,,1,,1,,1,1,5,,,,,1,,,1,2,2,2,,1,,,,
187,3183,4/24/2020 11:13,R_2DTCapN8RdTPwi4,4,4,4,6,6,6,7,4,5,4,1,1,3,2,3,3,4,6,6,6,7,6,5,5,1,1,3,2,7,7,1,1,1,2,4,4,2,1,2,1,1,,,,,,,,,,,,2,,1,,,,,,,,,,,7,7,,,,,,,1,,1,67,26,"6,8",,,,,,1,,1,,1,5,,,,,1,,,1,"2,4","2,4",2,,1,,1,,
188,2004,4/24/2020 11:13,R_2TXIWirda9SfKkp,5,5,4,1,7,1,7,4,2,1,1,1,4,2,4,5,4,1,7,1,7,4,4,1,1,1,4,1,5,7,1,1,1,1,5,5,1,2,1,8,,,,,,,,1,,,,,3,,,1,,,,,,,,,,7,7,,,,,,,1,,1,50,23,"1,4,6,8",1,,,1,,1,,1,,1,"6,7",,,,,,1,1,3,"2,4","2,4",2,,1,,1,,
190,419060,4/24/2020 11:13,R_2TAvy2YSP2t21O9,5,5,4,5,7,5,7,3,2,1,1,1,4,2,3,5,4,5,7,5,7,6,6,1,1,1,4,1,6,7,1,2,3,3,4,3,2,2,3,1,1,,,,,,,,,,,,7,,,,,,,1,,,,,,7,7,,,,,,,1,,0,34,24,"3,4,5,6,8",,,1,1,1,1,,1,,2,4,,,,1,,,,1,6,6,0,,,,,,1
191,1630,4/24/2020 11:13,R_2ccQwsewnRIgn2V,5,5,2,6,5,5,3,3,3,2,2,2,2,2,4,4,4,4,4,4,4,4,4,4,4,3,5,2,5,7,1,2,2,2,4,5,1,1,1,,,,,,,,,,,,,,,,,,,,,,,,,,,,,,,,,,,,,,,,,,,,,,,,,,,,,,,,,,,,,,,,,,,,
192,1557,4/24/2020 11:13,R_3GjjfpNB2DYk80x,5,5,4,2,6,2,6,1,1,1,1,1,4,1,5,4,4,7,7,7,7,6,5,6,5,5,4,1,4,6,1,1,1,2,5,5,1,3,1,"3,6,8",,,1,,,1,,1,,,,,"3,11",,,1,,,,,,,,1,,8,7,,,,,,,,1,1,37,14,"1,3",1,,1,,,,,,,1,2,,1,,,,,,2,"2,3,4","2,3,4",2,,1,1,1,,
195,6403,4/24/2020 11:13,R_svajgbGZswJeHst,5,5,6,1,7,1,7,1,3,1,1,1,4,2,5,5,4,2,7,1,7,1,6,1,1,1,4,1,,,,,,,,,,,,,,,,,,,,,,,,,,,,,,,,,,,,,,,,,,,,,,,,,,,,,,,,,,,,,,,,,,,,,,,,,,,,,,,
196,431,4/24/2020 11:13,R_3GdBjmxmMpIKqTI,5,5,4,3,7,4,7,1,3,5,1,1,4,1,4,2,4,5,7,5,7,6,5,6,4,4,4,1,6,7,1,2,1,2,5,5,2,2,2,"2,12",,1,,,,,,,,,,1,3,,,1,,,,,,,,,,7,7,,,,,,,1,,1,22,21,"2,5,9",,1,,,1,,,,1,1,3,,,1,,,,,3,2,2,2,,1,,,,
201,590,4/24/2020 11:13,R_2ydpwXbfdZKY6rq,5,5,4,1,7,1,7,1,4,1,1,1,4,1,4,5,4,6,7,6,7,6,6,6,1,1,4,1,4,1,1,1,1,1,5,5,1,2,,8,,,,,,,,1,,,,,1,1,,,,,,,,,,,,7,7,,,,,,,1,,1,32,,"3,5",,,1,,1,,,,,1,"2,7",,1,,,,,1,2,"2,4","2,4",2,,1,,1,,
207,3186,4/24/2020 11:14,R_2QLpomzotrQvbGi,5,4,4,5,3,5,5,2,6,6,1,1,4,2,4,4,4,5,4,6,7,7,7,6,1,1,4,1,4,7,1,1,2,2,5,5,1,2,1,2,,1,,,,,,,,,,,2,,1,,,,,,,,,,,7,7,,,,,,,1,,1,68,20,2,,1,,,,,,,,2,5,,,,,1,,,2,3,3,0,,,1,,,
208,1434,4/24/2020 11:14,R_2En4Tw4EqfbYTbM,5,5,4,5,7,5,7,1,2,1,1,1,4,1,3,3,4,6,7,6,7,5,7,1,1,1,4,1,4,7,1,1,1,1,5,5,2,2,2,2,,1,,,,,,,,,,,"1,11",1,,,,,,,,,,1,,7,7,,,,,,,1,,1,53,40,"1,4,5,6,8",1,,,1,1,1,,1,,1,"3,6",,,1,,,1,,4,2,2,2,,1,,,,
214,2501,4/24/2020 11:14,R_2PsOBPGZ7XekTHA,5,4,4,3,7,2,7,3,2,1,2,2,4,1,5,3,4,4,7,2,7,5,5,4,2,2,4,1,4,4,1,2,1,2,5,5,1,1,1,2,,1,,,,,,,,,,,1,1,,,,,,,,,,,,7,7,,,,,,,1,,1,24,18,2,,1,,,,,,,,1,3,,,1,,,,,1,2,2,2,,1,,,,
219,975,4/24/2020 11:17,R_1rCeg3Abkqfh4mP,5,5,5,8,7,4,4,2,1,1,2,2,4,2,5,4,5,7,7,7,4,4,4,5,5,5,4,1,4,4,2,2,2,2,4,4,3,2,1,"2,3,8",,1,1,,,,,1,,,,,"1,3,10",1,,1,,,,,,,1,,,7,7,,,,,,,1,,1,39,16,"3,9",,,1,,,,,,1,2,5,,,,,1,,,2,4,4,0,,,,1,,
220,2283,4/25/2020 14:04,R_24jVWc4h1lsf1Yq,3,4,5,8,7,7,7,4,6,2,1,1,4,1,3,3,5,7,7,7,7,6,6,2,1,1,4,1,4,6,1,2,1,2,4,4,1,2,1,1,1,,,,,,,,,,,,1,1,,,,,,,,,,,,7,7,,,,,,,1,,1,45,16,"1,4,6,8",1,,,1,,1,,1,,1,6,,,,,,1,,1,"2,3,4","2,3,4",2,,1,1,1,,
221,1846,4/25/2020 15:24,R_2Qs52mnRnVlJuZq,5,5,4,3,4,2,2,2,3,1,1,1,4,1,3,5,4,5,5,5,5,6,6,6,1,1,4,1,6,7,1,2,1,2,5,2,2,2,2,1,1,,,,,,,,,,,,2,,1,,,,,,,,,,,7,7,,,,,,,1,,1,42,16,"1,5,6,8",1,,,,1,1,,1,,1,"2,3,5,6",,1,1,,1,1,,1,"1,2,4","1,2,4",2,1,1,,1,,
223,423,4/27/2020 14:29,R_2ZPkEhHocMXVfwx,5,4,4,3,6,1,6,3,3,3,3,1,3,1,5,3,5,4,7,2,7,1,7,2,2,1,3,1,7,7,1,2,3,4,5,4,2,3,2,1,1,,,,,,,,,,,,6,,,,,,1,,,,,,,7,7,,,,,,,1,,1,48,47,"1,6,8",1,,,,,1,,1,,1,5,,,,,1,,,3,2,2,2,,1,,,,
228,580,5/2/2020 4:19,R_331irfKGndcMeNR,5,5,4,6,7,3,7,1,1,1,2,2,4,2,4,4,4,6,7,6,7,6,3,4,3,3,4,1,5,7,1,2,2,3,4,4,2,2,1,2,,1,,,,,,,,,,,7,,,,,,,1,,,,,,7,7,,,,,,,1,,0,23,20,"1,2,3,5,9",1,1,1,,1,,,,1,2,3,,,1,,,,,1,6,6,0,,,,,,1
229,605,5/2/2020 11:14,R_2rdzCgPAnqogUNP,5,5,4,3,7,3,7,2,2,1,1,1,4,1,5,4,4,5,7,5,7,3,3,2,1,1,4,1,6,7,1,2,1,2,5,5,1,2,2,1,1,,,,,,,,,,,,2,,1,,,,,,,,,,,7,7,,,,,,,1,,1,30,16,"1,4,8",1,,,1,,,,1,,1,"3,6",,,1,,,1,,1,"2,4","2,4",2,,1,,1,,
230,782,5/3/2020 4:01,R_2zqXRsYXZJO6VLQ,5,5,4,2,7,1,7,2,5,1,2,1,4,2,2,2,4,6,6,6,7,7,6,6,5,5,4,1,4,6,1,2,1,2,4,5,3,2,1,2,,1,,,,,,,,,,,1,1,,,,,,,,,,,,7,7,,,,,,,1,,1,51,19,"2,5,9",,1,,,1,,,,1,1,"2,3,5,6,7",,1,1,,1,1,1,3,"2,4","2,4",2,,1,,1,,
231,1153,5/4/2020 13:21,R_xzxm17mIBWij93b,5,5,4,5,7,3,7,1,1,1,1,1,4,1,5,3,4,7,7,7,7,1,7,1,1,1,4,1,7,7,1,1,1,2,5,5,1,1,1,2,,1,,,,,,,,,,,7,,,,,,,1,,,,,,7,7,,,,,,,1,,0,39,17,9,,,,,,,,,1,2,6,,,,,,1,,2,2,2,2,,1,,,,
232,1546,5/4/2020 20:03,R_1JXYI132AArYKt8,5,5,4,1,7,1,7,1,5,1,1,1,4,1,5,5,4,3,7,5,7,6,5,4,1,1,4,1,4,7,1,2,2,3,5,5,2,2,1,2,,1,,,,,,,,,,,1,1,,,,,,,,,,,,7,7,,,,,,,1,,1,38,32,"2,5,7,9",,1,,,1,,1,,1,1,1,1,,,,,,,3,2,2,2,,1,,,,
233,3012,5/4/2020 23:55,R_8GsLR0usm9qSVdn,5,5,4,6,7,5,7,6,1,6,1,1,4,1,4,1,4,7,7,7,7,6,6,6,1,1,4,1,4,3,1,1,1,1,5,5,2,1,,8,,,,,,,,1,,,,,3,,,1,,,,,,,,,,"7,8","7,8",,,,,,,1,1,0,43,,"2,5,9",,1,,,1,,,,1,1,7,,,,,,,1,1,2,2,2,,1,,,,
234,245562,5/5/2020 11:02,R_3qIDcOXmbWmUBri,5,4,4,6,7,6,7,5,5,3,2,2,4,1,4,4,5,6,7,6,7,5,7,5,3,2,4,2,7,7,1,1,2,3,5,5,3,2,3,1,1,,,,,,,,,,,,4,,,,1,,,,,,,,,7,7,,,,,,,1,,1,22,18,"1,2,5",1,1,,,1,,,,,1,7,,,,,,,1,3,4,4,0,,,,1,,
235,1183,5/5/2020 11:02,R_10T6A7VYClVsak2,5,5,4,1,7,1,7,1,2,1,1,1,4,1,5,5,4,1,7,1,7,1,7,1,1,1,4,1,4,7,1,1,1,1,5,5,1,1,1,2,,1,,,,,,,,,,,"1,12",1,,,,,,,,,,,1,7,7,,,,,,,1,,1,37,20,7,,,,,,,1,,,1,"4,6,7",,,,1,,1,1,3,"2,3,4","2,3,4",2,,1,1,1,,
236,936,5/5/2020 11:02,R_2ZIWnYwuVXbCcTY,5,5,4,1,7,1,7,2,2,1,2,2,4,2,4,5,4,5,7,4,7,6,4,2,2,2,4,1,5,5,2,2,2,3,5,5,1,1,1,2,,1,,,,,,,,,,,"1,3",1,,1,,,,,,,,,,7,7,,,,,,,1,,0,40,17,"1,2,3,4,5,8,9",1,1,1,1,1,,,1,1,2,"4,6",,,,1,,1,,1,6,6,0,,,,,,1
238,1718,5/5/2020 11:02,R_ptRvv2rro0vAyHL,5,4,4,6,1,6,5,4,4,1,1,1,4,1,2,2,4,7,7,7,7,4,7,7,1,1,4,1,6,7,1,2,1,2,5,5,1,2,2,1,1,,,,,,,,,,,,1,1,,,,,,,,,,,,7,7,,,,,,,1,,1,59,18,"1,2,3,4,5,6,9",1,1,1,1,1,1,,,1,1,1,1,,,,,,,1,2,2,2,,1,,,,
239,8572,5/5/2020 11:03,R_1q2ozpAx8l0OWXo,4,5,4,5,2,2,6,2,6,5,6,6,4,1,4,5,4,6,6,3,6,5,7,6,6,6,4,1,6,7,2,2,2,2,2,1,2,2,2,2,,1,,,,,,,,,,,7,,,,,,,1,,,,,,7,7,,,,,,,1,,1,42,26,"2,7,9",,1,,,,,1,,1,1,"2,7",,1,,,,,1,1,2,2,2,,1,,,,
241,1286,5/5/2020 11:03,R_2ci5hup2wTtQY47,4,4,4,6,7,5,7,3,2,2,4,4,4,1,1,2,4,7,7,7,7,6,7,7,4,4,4,1,4,6,2,2,2,2,4,1,2,2,2,2,,1,,,,,,,,,,,"1,3,7",1,,1,,,,1,,,,,,7,7,,,,,,,1,,1,54,19,"2,5,9",,1,,,1,,,,1,1,"5,7",,,,,1,,1,1,"2,4","2,4",2,,1,,1,,
